Country Name,Country Code,1960,1961,1962,1963,1964,1965,1966,1967,1968,1969,1970,1971,1972,1973,1974,1975,1976,1977,1978,1979,1980,1981,1982,1983,1984,1985,1986,1987,1988,1989,1990,1991,1992,1993,1994,1995,1996,1997,1998,1999,2000,2001,2002,2003,2004,2005,2006,2007,2008,2009,2010,2011,2012,2013,2014,2015,2016,2017,2018,2019,2020,2021
Aruba,ABW,,,,,,,,,,,,,,,,,,,,,,,,,,,,,,,,,,,,,,,,,,,,,,,,,,,,,,,,,,,,,,
Africa Eastern and Southern,AFE,,,,,,,,,,,,,,,,,,,,,,,,,,,,,,,18.80385832,,,,,,,,,,26.6747897,,,,,,,,,,28.34459483,,,,,,,,,42.52600969,,
Afghanistan,AFG,,,,,,,,,,,,,,,,,,,,,,,,,,,,,,,,,,,,,,,,,5.3,,,10.3,,13.6,18.6,,22.8,,21.8,21.2,,,,22.5,22.5,,,,,
Africa Western and Central,AFW,,,,,,,,,,,,,,,,,,,,,,,,,,,,,,,8.038955436,,,,,,,,,,15.40968692,,,,,,,,,,17.751448,,,,,,,,,19.1494065,,
Angola,AGO,,,,,,,,,,,,,,,,,,,,,,,,,,,,,,,,,,,,,8.1,,,,,6.3,,,,,,,,20,,,,,,,13.7,,,,,
Albania,ALB,,,,,,,,,,,,,,,,,,,,,,,,,,,,,,,,,,,,,,,,,57.5,,75.1,,,60.1,,,,69.3,,,,,,,,,46,,,
Andorra,AND,,,,,,,,,,,,,,,,,,,,,,,,,,,,,,,,,,,,,,,,,,,,,,,,,,,,,,,,,,,,,,
Arab World,ARB,,,,,,,,,,,,,,,,,,,,,,,,,,,,,,,35.98873417,,,,,,,,,,44.54008838,,,,,,,,,,49.64232211,,,,,,,,,,,
United Arab Emirates,ARE,,,,,,,,,,,,,,,,,,,,,,,,,,,,,,,,,,,,27.5,,,,,,,,,,,,,,,,,,,,,,,,,,
Argentina,ARG,,,,,,,,,,,,,,,,,,,,,,,,,,,,,,,,,,,,,,,,,,,,,,,,,,,,,,72.4,,,,,,,70.1,
Armenia,ARM,,,,,,,,,,,,,,,,,,,,,,,,,,,,,,,,56,,,,,,,,,60.5,,,,,53.1,,,,,54.9,,,,,,57.1,,,,,
American Samoa,ASM,,,,,,,,,,,,,,,,,,,,,,,,,,,,,,,,,,,,,,,,,,,,,,,,,,,,,,,,,,,,,,
Antigua and Barbuda,ATG,,,,,,,,,,,,,,,,,,,,,,48.2,,,,,,,52.6,,,,,,,,,,,,,,,,,,,,,,,,,,,,,,,,,
Australia,AUS,,,,,,,,,,,,,,,,,,,,,,,,,,,76.1,,,,,,,,,,,,,,,,,,,,65.2,,,62,,,67.8,,,,66.9,,,,,
Austria,AUT,,,,,,,,,,,,,,,,,,,,,,,,,,,,,,,,,,,,,51,,,,,,,,,,,,,69.6,,,,65.7,,,,,,,,
Azerbaijan,AZE,,,,,,,,,,,,,,,,,,,,,,,,,,,,,,,,,,,,,,,,,55.1,55.4,,,,,51.1,,,,,54.9,,,,,,,,,,
Burundi,BDI,,,,,,,,,,,,,,,,,,,,,,,,,,,,8.7,,,,,,,,,,,,,15.7,,20,,,9.1,,,,22.7,21.9,21.9,31.7,,,,,28.5,,,,
Belgium,BEL,,,,,,,72,,,,,,,,,,87,,,,,,,81,,,,,,,,,78.4,,,,,,,,,,,,,,,,,73.7,,,,66.8,,,,,66.7,,,
Benin,BEN,,,,,,,,,,,,,,,,,,,,,,,6.6,,,,,,,,,,,,,,16.4,,,,,18.6,,,,,17,,,,,,12.9,,17.9,,,,15.5,,,
Burkina Faso,BFA,,,,,,,,,,,,,,,,,,,,,,,,,,,,,,,,,,24.9,,,,,,11.9,,,,13.8,,,17.5,,,,16.2,16.2,,,18.4,21.2,25.4,25.7,,32.5,29.6,35.2
Bangladesh,BGD,,,,,,,,,,,,,,,,,7.9,,,,12.1,18.6,,,19.1,,25.3,,,31.4,,39.9,,,44.9,,,49.8,,,54.3,50.2,,,58.5,,,55.8,,,,61.2,,61.8,62.4,,62.8,,61.9,62.7,,
Bulgaria,BGR,,,,,,,,,,,,,,,,,75.1,,,,,,,,,,,,,,,,,,,85.9,,,63.4,,,,,,,64.4,,70.1,,,,,,,,,,,,,,
Bahrain,BHR,,,,,,,,,,,,,,,,,,,,,,,,,,,,,,53.8,,,,,,61.8,,,,,53.4,,,,,,,,,,,,,,,,,,,,,
"Bahamas, The",BHS,,,,,,,,,,,,,,,,,,,,,,,,,,,,,61.7,,,,,,,,,,,,,,,,,,,,,,,,,,,,,,,,,
Bosnia and Herzegovina,BIH,,,,,,,,,,,,,,,,,,,,,,,,,,,,,,,,,,,,,,,,,47.5,,,,,,35.7,,,,,,46,,,,,,,,,
Belarus,BLR,,,,,,,,,,,,,,,,,,,,,,,,,,,,,,,,,,,,50.4,,,,,,,,,,72.6,,,,,,,63.1,,,,,71.2,,52.6,,
Belize,BLZ,,,,,,,,,,,,,,,,,,,,,,,,,,,,,,,,46.9,,,,,,,,56.1,,,,,,,,,,,,55.2,,,,,51.4,,,,,
Bermuda,BMU,,,,,,,,,,,,,,,,,,,,,,,,,,,,,,,,,,,,,,,,,,,,,,,,,,,,,,,,,,,,,,
Bolivia,BOL,,,,,,,,,,,,,,,,,,,,,,,,,,,,,,30.3,,,,,45.3,,,,48.3,,53.4,,,58.4,58.4,,,,60.6,,,,,,,,66.5,,,,,
Brazil,BRA,,,,,,,,,,,,,,,,,,,,,,,,,,,66.2,,,,,,,,,,76.7,,,,,,,,,,,80.6,,,,,,80.2,,,,,,,,
Barbados,BRB,,,,,,,,,,,,,,,,,,,,,,46.5,,,,,,,55,,,,,,,,,,,,,,,,,,,,,,,,59.2,,,,,,,,,
Brunei Darussalam,BRN,,,,,,,,,,,,,,,,,,,,,,,,,,,,,,,,,,,,,,,,,,,,,,,,,,,,,,,,,,,,,,
Bhutan,BTN,,,,,,,,,,,,,,,,,,,,,,,,,,,,,,,,,,,,,,,,,30.7,,,,,,,,,,65.6,,,,,,,,,,,
Botswana,BWA,,,,,,,,,,,,,,,,,,,,,,,,,19.3,,,,33,,,,,,,,47.2,,,,44.4,,,,,,,,69.7,,,,,,,,,67.4,,,,
Central African Republic,CAF,,,,,,,,,,,,,,,,,,,,,,,,,,,,,,,,,,,,14.8,,,,,27.9,,,,,,19,,,,,15.2,,,,,,,,17.8,,
Canada,CAN,,,,,,,,,,,,,,,,,,,,,,,,,73.1,,,,,,,,,,,74.7,,,80,,,,,,,,,,,,,,,,,,,,,,,
Central Europe and the Baltics,CEB,,,,,,,,,,,,,,,,,,,,,,,,,,,,,,,,,,,,,,,,,,,,,,,,,,,,,,,,,,,,,,
Switzerland,CHE,,,,,,,,,,,,,,,,,,,,,71.2,,,,,,,,,,,,,,,82,,,,,,,,,,,,,,,,,73,,,,,71.6,,,,
Channel Islands,CHI,,,,,,,,,,,,,,,,,,,,,,,,,,,,,,,,,,,,,,,,,,,,,,,,,,,,,,,,,,,,,,
Chile,CHL,,,,,,,,,,,,,,,,,,,,,,,,,,,,,,,,,,,,,,,,,,,,,,,64.2,,,,,,,,,,76.3,,,,,
China,CHN,,,,,,,,,,,,,,,,,,,,,,,,,,,,,,,,,,,,,,83.8,,,,86.9,,,,,84.6,,,,,,,,,,,84.5,,,,
Cote d'Ivoire,CIV,,,,,,,,,,,,,,,,,,,,,,2.9,,,,,,,,,,,,,11.4,,,,,15,,,,,,,14.6,,,,,,18.2,,,,15.5,22.3,21.5,,25.5,
Cameroon,CMR,,,,,,,,,,,,,,,,,,,2.2,,,,,,,,,,,,,16.1,,,,,,,19.3,,25.2,,,,26,,29.2,,,,,23.4,,,34.3,,,,19.3,,,
"Congo, Dem. Rep.",COD,,,,,,,,,,,,,,,,,,,,,,,,15.4,,,,,,,,7.7,,,,,,,,,,31.4,,,,,,20.6,,,17.7,,,,20.4,,,,28.1,,,
"Congo, Rep.",COG,,,,,,,,,,,,,,,,,,,,,,,,,,,,,,,,,,,,,,,,,,,,,,44.3,,,,,,,44.7,,,30.1,,,,,,
Colombia,COL,,,,,,,,,,20.5,,,,,,,42.5,,,,48.5,,,,,,64.8,,,,66.1,,,,,72.2,,,,,76.9,,,,,78.2,,,,,79.1,,,,,81,80.9,,,,,
Comoros,COM,,,,,,,,,,,,,,,,,,,,,,,,,,,,,,,,,,,,,21,,,,25.8,,,,,,,,,,,,19.4,,,,,,,,,
Cabo Verde,CPV,,,,,,,,,,,,,,,,,,,,,,,,,,,,,,23.8,,,,,,,,,52.9,,,,,,,61.3,,,,,,,,,,,,,55.8,,,
Costa Rica,CRI,,,,,,,,,,,,,,,,,64.4,,63.5,,,65.2,,,,,69,,,,,,,75,,,,,,80,,,,,,,,,,,82.1,76.2,,,,77.8,,,70.9,,,
Caribbean small states,CSS,,,,,,,,,,,,,,,,,,,,,,,,,,,,,,,51.58755547,,,,,,,,,,,,,,,,,,,,57.75155857,,,,,,,,,,,
Cuba,CUB,,,,,,,,,,,,,,,,,,,,,,,,,,,,70,,,,,,,,,,,,,73.3,,,,,,,,,,,74.3,,,73.7,,,,,69.1,,
Curacao,CUW,,,,,,,,,,,,,,,,,,,,,,,,,,,,,,,,,,,,,,,,,,,,,,,,,,,,,,,,,,,,,,
Cayman Islands,CYM,,,,,,,,,,,,,,,,,,,,,,,,,,,,,,,,,,,,,,,,,,,,,,,,,,,,,,,,,,,,,,
Cyprus,CYP,,,,,,,,,,,,,,,,,,,,,,,,,,,,,,,,,,,,,,,,,,,,,,,,,,,,,,,,,,,,,,
Czechia,CZE,,,,,,,,,,,66,,,,,,,,,,,,,,,,,,,,,,,68.9,,,,72.3,,,,,,,,78.2,,,86.3,,,,,,,,,,,,,
Germany,DEU,,,,,,,,,,,,70.1,82.2,,,,,,,,,,,,,77.9,,,,,,,70,,,,,,,,,,,,,68.4,,,50.4,,,80.3,,,,,,,,,,
Djibouti,DJI,,,,,,,,,,,,,,,,,,,,,,,,,,,,,,,,,,,,,,,,,,,9,,,,17.8,,,,,,19,,,,,,,,,
Dominica,DMA,,,,,,,,,,,,,,,,,,,,,,,62.3,,,,,49.8,,,,,,,,,,,,,,,,,,,,,,,,,,,,,,,,,,
Denmark,DNK,,,,,,,,,,,67,,,,,63,,,,,,,,,,,,,,,,,76.5,,,,,,,,,,,,,,,,,,,,,,,,,,,,,
Dominican Republic,DOM,,,,,,,,,,,,,,,,31.8,,,,,42,,,39.3,,,49.8,,,,,56.4,,,,,63.7,,,69.2,64.7,,69.8,,,,61.3,72.9,,,73,,,71.9,69.5,,,,,62.8,,
Algeria,DZA,,,,,,,,,,,,,,,,,,,,,,,,,,,,35.8,,,,,50.7,,,56.9,,,,,64,,57,,,,61.4,,,,,,,57.1,,,,,,53.6,,
East Asia & Pacific (excluding high income),EAP,,,,,,,,,,,,,,,,,,,,,,,,,,,,,,,,,,,,,,,,,78.34342982,,,,,,,,,,,,,,,,,,,77.36576606,,
Early-demographic dividend,EAR,,,,,,,,,,,,,,,,,,,,,,,,,,,,,,,42.84995725,,,,,,,,,,47.98367929,,,,,,,,,,55.86441599,,,,,,,,,60.65504145,,
East Asia & Pacific,EAS,,,,,,,,,,,,,,,,,,,,,,,,,,,,,,,,,,,,,,,,,77.26432819,,,,,,,,,,,,,,,,,,,75.61955124,,
Europe & Central Asia (excluding high income),ECA,,,,,,,,,,,,,,,,,,,,,,,,,,,,,,,,,,,,,,,,,,,,,,,,,,,65.02208479,,,,,,,,,,,
Europe & Central Asia,ECS,,,,,,,,,,,,,,,,,,,,,,,,,,,,,,,,,,,,,,,,,,,,,,,,,,,69.08637971,,,,,,,,,,,
Ecuador,ECU,,,,,,,,,,,,,,,,,,,,35,,,39.2,,,,,44.3,,52.9,,,,,56.8,,,,,66.3,,,,,72.7,,,,,,,,80.1,,74.7,,,,,77.9,,
"Egypt, Arab Rep.",EGY,,,,,,,,,,,,,,,,24.9,,,,,31.4,,,,30.3,,,,37.8,37.8,,47.6,47.1,47.1,,47.9,47.9,,54.5,,56.1,,,60,,59.2,,,60.3,,,,,,58.5,,,,,,,
Euro area,EMU,,,,,,,,,,,,,,,,,,,,,,,,,,,,,,,,,,,,,,,,,,,,,,,,,,,76.21310447,,,,,,,,,,,
Eritrea,ERI,,,,,,,,,,,,,,,,,,,,,,,,,,,,,,,,,,,,8,8,,,,,,8,,,,,,,,8.7,,,,,,,,,,,
Spain,ESP,,,,,,,,,,,,,,,,,,47.1,,,,,,,,62.1,,,,,,,,,,81.1,,,,71.9,,,,,,,65.7,,,70.1,,,,,,,,,62.1,,,
Estonia,EST,,,,,,,,,,,,,,,,,,,,,,,,,,,,,,,,,,,61.1,,,,,,,,,,,63.4,66.7,,,,64.1,,,,75.1,,,,,,,
Ethiopia,ETH,,,,,,,,,,,,,,,,,,,,,,,,,,,,,,,4.8,,,,,,,3.3,,,8.1,,,,,14.7,,,,,,28.6,,,42,36.9,35.9,36.3,40,41.4,37.7,
European Union,EUU,,,,,,,,,,,,,,,,,,,,,,,,,,,,,,,,,,,,,,,,,,,,,,,,,,,72.62190358,,,,,,,,,,,
Fragile and conflict affected situations,FCS,,,,,,,,,,,,,,,,,,,,,,,,,,,,,,,,,,,,,,,,,28.65581308,,,,,,,,,,28.79949753,,,,,,,,,29.17690525,,
Finland,FIN,,,,,,,,,,,,,,,,,,,,,,,,,,,,,,,77.4,,78.8,,,,,,,79.5,,,,,,,,74.2,,,,,,,,85.5,,,,,,
Fiji,FJI,,,,,,,,,,,,,,,40.9,,,,,,,,,,,,,,,,,,,,,,,,,,,,,,,,,,,,,,,,,,,,,,,
France,FRA,,,,,,,,,,,,,,,,,,,78.7,,,,,,,,,,81.2,,,,,,74.6,,,,,,,,,,,76.6,,,75,,,78.4,,,,,,,,,,
Faroe Islands,FRO,,,,,,,,,,,,,,,,,,,,,,,,,,,,,,,,,,,,,,,,,,,,,,,,,,,,,,,,,,,,,,
"Micronesia, Fed. Sts.",FSM,,,,,,,,,,,,,,,,,,,,,,,,,,,,,,,,,,,,,,,,,,,,,,,,,,,,,,,,,,,,,,
Gabon,GAB,,,,,,,,,,,,,,,,,,,,,,,,,,,,,,,,,,,,,,,,,32.7,,,,,,,,,,,,31.1,,,,,,,,,
United Kingdom,GBR,,,,,,,,,,,,,,,,,,,,,,,,,,,81,,,,,,,82,,,,,83,82,87.7,80,83,84,84,82,82,,84,,,76.1,,,,,,,,,,
Georgia,GEO,,,,,,,,,,,,,,,,,,,,,,,,,,,,,,,,,,,,,,,,,40.5,,,,,31.5,45.9,,,32.2,53.4,,,,,,,,39.3,,,
Ghana,GHA,,,,,,,,,,,,,,,,,,,,,9.5,,,,,,,,12.9,,,,,20.3,20.3,,,,22,22,,,,25.2,,,16.6,,23.5,,,34.7,,19.6,26.7,32.9,28.2,30.8,27.2,,,
Gibraltar,GIB,,,,,,,,,,,,,,,,,,,,,,,,,,,,,,,,,,,,,,,,,,,,,,,,,,,,,,,,,,,,,,
Guinea,GIN,,,,,,,,,,,,,,,,,,,,,,,,,,,,,,,,,1.7,,,,,,,6.2,,,,,,9.1,,,,,,,5.6,,,,8.6,,10.9,,,
"Gambia, The",GMB,,,,,,,,,,,,,,,,,,,,,,,,,,,,,,,11.8,,,,,,,,,,9.5,17.5,,,,,,,,,13.3,,,9,,,,,16.7,,18.9,
Guinea-Bissau,GNB,,,,,,,,,,,,,,,,,,,,,,,,,,,,,,,,,,,,,,,,,7.6,,,,,,10.3,,,,14.2,,,,16,,,,,21.2,,
Equatorial Guinea,GNQ,,,,,,,,,,,,,,,,,,,,,,,,,,,,,,,,,,,,,,,,,8.6,,,,,,,,,,,12.6,,,,,,,,,,
Greece,GRC,,,,,,,,,,,,,,,,,,,,,,,,,,,,,,,,,,,,,,,,61.3,,,,,,,,,,,,,,,,,,,,,,
Grenada,GRD,,,,,,,,,,,,,,,,,,,,,,,,,,31,,,,,54.3,,,,,,,,,,,,,,,,,,,,,,,,,,,,,,,
Greenland,GRL,,,,,,,,,,,,,,,,,,,,,,,,,,,,,,,,,,,,,,,,,,,,,,,,,,,,,,,,,,,,,,
Guatemala,GTM,,,,,,,,,,,,,,,,,,,18.2,,,,,25,,,,23.2,,,,,,,,31.4,,,,38.2,,,43.3,,,,,,,54.1,,,,,,60.6,,,,,,
Guam,GUM,,,,,,,,,,,,,,,,,,,,,,,,,,,,,,,,,,,,,,,,,,,,,,,,,,,,,,,,,,,,,,
Guyana,GUY,,,,,,,,,,,,,,,,29.5,,,,,,,,,,,,,,,,,38.2,,,,,,,,37.3,,,,,34.6,,34.2,,42.5,,,,,33.9,,,,,,29.9,
High income,HIC,,,,,,,,,,,,,,,,,,,,,,,,,,,,,,,,,,,,,,,,,,,,,,,,,,,74.47841424,,,,,,,,,,,
"Hong Kong SAR, China",HKG,,,,,,,,42,,,,,49.6,,,,,71.9,,,,,72.3,,,,,80.8,,,,,86,,,,,86,,,,,84,,,,,79.5,,,,,74.8,,,,,66.7,,,,
Honduras,HND,,,,,,,,,,,,,,,,,,,,,,26.9,,,34.9,,,40.6,,,,,46.7,,,,49.2,,,,,61.8,,,,,65.2,,,,,,73.2,,,,,,,69.4,,
Heavily indebted poor countries (HIPC),HPC,,,,,,,,,,,,,,,,,,,,,,,,,,,,,,,10.99656377,,,,,,,,,,19.1129525,,,,,,,,,,25.22196426,,,,,,,,,33.00642349,,
Croatia,HRV,,,,,,,,,,,,,,,,,,,,,,,,,,,,,,,,,,,,,,,,,,,,,,,,,,,,,,,,,,,,,,
Haiti,HTI,,,,,,,,,,,,,,,,,,18.9,,,,,,6.9,,,,6.7,,10.2,,,,,,18,,,,,28.1,,,,,,32,,,,,,34.5,,,,,34.3,,,,
Hungary,HUN,,,,,,,66.6,,,67,,,73,,74,76,,73.1,,,,,,,,,73.1,,,,,,,80.7,,,,,,,,,,,,,,,,61.8,,,,,,,,,,,,
IBRD only,IBD,,,,,,,,,,,,,,,,,,,,,,,,,,,,,,,,,,,,,,,,,67.23546649,,,,,,,,,,,,,,,,,,,71.84402484,,
IDA & IBRD total,IBT,,,,,,,,,,,,,,,,,,,,,,,,,,,,,,,,,,,,,,,,,59.08515708,,,,,,,,,,52.27792497,,,,,,,,,62.67805746,,
IDA total,IDA,,,,,,,,,,,,,,,,,,,,,,,,,,,,,,,16.69294381,,,,,,,,,,28.44491494,,,,,,,,,,32.06271647,,,,,,,,,37.30539919,,
IDA blend,IDB,,,,,,,,,,,,,,,,,,,,,,,,,,,,,,,12.67281934,,,,,,,,,,28.35519564,,,,,,,,,,27.42194416,,,,,,,,,31.30299124,,
Indonesia,IDN,,,,,,,,,,,,,,8.6,,,26.3,,,31.2,,,,,,38.5,,47.7,,,,49.7,,53.1,54.7,54.2,54.2,57.4,55.4,55.4,54.8,52.5,54.2,60.3,56.7,57.9,57.9,61.4,61.4,60.6,61,61.3,61.9,62,61.6,60,59.4,63.6,,,,
IDA only,IDX,,,,,,,,,,,,,,,,,,,,,,,,,,,,,,,19.08405905,,,,,,,,,,28.49109993,,,,,,,,,,34.41702704,,,,,,,,,40.45454365,,
Isle of Man,IMN,,,,,,,,,,,,,,,,,,,,,,,,,,,,,,,,,,,,,,,,,,,,,,,,,,,,,,,,,,,,,,
India,IND,,,,,,,,,,,,13.6,,,,,,,,,,35.3,,,,,,,44.9,,,,,40.7,,,,,,48.2,46.9,,,53,,54.4,56.3,,54.8,,,,,,,,53.5,,,,66.7,66.7
Not classified,INX,,,,,,,,,,,,,,,,,,,,,,,,,,,,,,,,,,,,,,,,,,,,,,,,,,,,,,,,,,,,,,
Ireland,IRL,,,,,,,,,,,,,,,,,,,,,,,,,,,,,,,,,,,,,,,,,,,,,73.7,64.8,,,,,73.3,,,,,,,,,,,
"Iran, Islamic Rep.",IRN,,,,,,,,,,,,,,,,,,36,,,,,,,,,,,,48.9,,,64.6,67.8,70,72.8,73.7,72.9,,,73.8,,73.3,,,,,,,,,77.4,,,,,,,,,,
Iraq,IRQ,,,,,,,,,,,,,,,14.5,,,,,,,,,,,,,,,13.7,,,,,,,,,,,43.5,,,,,,49.8,,,,,52.5,,,,,,,52.8,,,
Iceland,ISL,,,,,,,,,,,,,,,,,,,,,,,,,,,,,,,,,,,,,,,,,,,,,,,,,,,,,,,,,,,,,,
Israel,ISR,,,,,,,,,,,,,,,,,,,,,,,,,,,,,68,,,,,,,,,,,,,,,,,,,,,,,,,,,,,,,,,
Italy,ITA,,,,,,,,,,,,,,,,,,,,,,,,,,,,,,,,,,,,,62.7,,,,,,,,,,,,,,,,,65.1,,,,,,,,
Jamaica,JAM,,,,,,,,,,,,,,,,,38.3,,,54.9,,,,51.4,,,,,,54.6,,,,62,,,,65.7,,,,,,69.1,,,,,,72.5,,,,,,,,,,,,
Jordan,JOR,,,,,,,,,,,,,26.1,,,,25.2,,,,,,,26,,,,,,,34.9,,,,,,,52.6,,,,,55.8,,,,,56.8,,59.3,,,61.2,,,,,,51.8,,,
Japan,JPN,,42,,44.6,,55.5,,53,,52.1,,52.6,,59.3,,60.5,,60.4,,62.2,,,,,57.3,,62.8,64.5,56.3,,57.9,,64,,58.6,,56.6,60.4,54.1,,55.9,,,,52,54.3,,,,,,,,,54.7,39.8,,,,,,
Kazakhstan,KAZ,,,,,,,,,,,,,,,,,,,,,,,,,,,,,,,,,,,,59.1,,,,66.1,,,,,,,50.7,,,,,51,,,,55.7,,,53,,,
Kenya,KEN,,,,,,,,,,,,,,,,,,,7,,,,,,17,,,,,26.9,,,,32.7,,,,,39,,,,,39.3,,,,,,45.5,,,,,58,64.1,61.2,60,61.9,59.7,65.1,
Kyrgyz Republic,KGZ,,,,,,,,,,,,,,,,,,,,,,,,,,,,,,,,,,,,,,59.5,,,,,,,,,47.8,,,,,,36.3,,41.9,,,,39.4,,,
Cambodia,KHM,,,,,,,,,,,,,,,,,,,,,,,,,,,,,,,,,,,,12.6,,,21.8,,23.8,,,,,40,40,,,,50.5,50.5,,,56.3,,,,,,,
Kiribati,KIR,,,,,,,,,,,,,,,,,,,,,,,,,,,,,,,,,,,,,,,,,40.7,,,,,,,,20,22.3,,,,,,,,,,33.6,,
St. Kitts and Nevis,KNA,,,,,,,,,,,,,,,,,,,,,,,,,40.6,,,,,,,,,,,,,,,,,,,,,,,,,,,,,,,,,,,,,
"Korea, Rep.",KOR,,,,,,16,20,,,,,24.2,,,34.9,,44.2,,,54.5,,,57.7,,,70.4,,,77.1,,,79.4,,,77.4,,,80.5,,,79.3,,,84.5,,80.2,79.6,,,80,,,77.1,,,79.6,,,82.3,,,
Kuwait,KWT,,,,,,,,,,,,,,,,,,,,,,,,,,39,,34.6,,,,,,,49.8,,50.2,,,52,,,,,,,,,,,,,,,,,,,,,,
Latin America & Caribbean (excluding high income),LAC,,,,,,,,,,,,,,,,,,,,,,,,,,,,,,,,,,,,,,,,,,,,,,,,,,,,,,,,,,,,,,
Lao PDR,LAO,,,,,,,,,,,,,,,,,,,,,,,,,,,,,,,,,,18.6,,20,,,,,32.2,,,,,38.4,,,,,,,49.6,,,,,56.3,,,,
Lebanon,LBN,,,,,,,,,,,,53,,,,,,,,,,,,,61.7,,,,,,,,,,,,61.1,,,,62.7,,,,58,,,,,54.5,,,,,,,,,,,,
Liberia,LBR,,,,,,,,,,,,,,,,,,,,,,,,,,,6.4,,,,,,,,,,,,,,,,,,,,,11.4,,,,,,20.2,,,,,,,24.9,
Libya,LBY,,,,,,,,,,,,,,,,,,,,,,,,,,,,,,,,,,,,45.2,,,,,,,,44.5,,,,41.9,,,,,,,27.7,,,,,,,
St. Lucia,LCA,,,,,,,,,,,,,,,,,,,,,,52.2,,,,,,,47.3,,,,,,,,,,,,,,,,,,,,,,,,55.5,,,,,,,,,
Latin America & Caribbean,LCN,,,,,,,,,,,,,,,,,,,,,,,,,,,,,,,,,,,,,,,,,,,,,,,,,,,,,,,,,,,,,,
Least developed countries: UN classification,LDC,,,,,,,,,,,,,,,,,,,,,,,,,,,,,,,18.93431723,,,,,,,,,,27.14164548,,,,,,,,,,32.96244354,,,,,,,,,40.23301865,,
Low income,LIC,,,,,,,,,,,,,,,,,,,,,,,,,,,,,,,15.24086048,,,,,,,,,,20.9689003,,,,,,,,,,25.66798405,,,,,,,,,34.84147796,,
Liechtenstein,LIE,,,,,,,,,,,,,,,,,,,,,,,,,,,,,,,,,,,,,,,,,,,,,,,,,,,,,,,,,,,,,,
Sri Lanka,LKA,,,,,,,,,,,,,,,,34.4,,48.6,,,,,57.8,,,,,61.7,,,,,,66.1,,,,,,,70,,,,,,,68.4,,,,,,,,,64.6,,,,,
Lower middle income,LMC,,,,,,,,,,,,,,,,,,,,,,,,,,,,,,,39.55756063,,,,,,,,,,46.96586157,,,,,,,,,,52.25162515,,,,,,,,,56.68585609,,
Low & middle income,LMY,,,,,,,,,,,,,,,,,,,,,,,,,,,,,,,,,,,,,,,,,59.09037319,,,,,,,,,,52.3043525,,,,,,,,,62.68286568,,
Lesotho,LSO,,,,,,,,,,,,,,,,,,6,,,,,,,,,,,,,,,,,,28.6,,,,,30.4,40.6,38,,37.3,37.3,,,,47,47,63.4,,,60.2,,,,64.9,,,
Late-demographic dividend,LTE,,,,,,,,,,,,,,,,,,,,,,,,,,,,,,,,,,,,,,,,,83.70885773,,,,,,,,,,,,,,,,,,,81.19625616,,
Lithuania,LTU,,,,,,,,,,,,,,,,,,,,,,,,,,,,,,,,,,,,50.7,,,,,,,,,,,65.1,,,68.6,,,,,,,,,,,,
Luxembourg,LUX,,,,,,,,,,,,,,,,,,,,,,,,,,,,,,,,,,,,,,,,,,,,,,,,,,,,,,,,,,,,,,
Latvia,LVA,,,,,,,,,,,,,,,,,,,,,,,,,,,,,,,,,,,,67.9,,,,,,,,,,,,,,,,,,,,,,,,,,
"Macao SAR, China",MAC,,,,,,,,,,,,,,,,,,,,,,,,,,,,,,,,,,,,,,,,,,,,,,,,,,,,,,,,,,,,,,
St. Martin (French part),MAF,,,,,,,,,,,,,,,,,,,,,,,,,,,,,,,,,,,,,,,,,,,,,,,,,,,,,,,,,,,,,,
Morocco,MAR,,,,,,,,,,,,,,,,,,,,,19.4,,,,25.5,,,35.8,,,,,41.5,,,50.3,,58.4,,,,,,,63,,,,,,,67.4,,,,,,,70.8,,,
Monaco,MCO,,,,,,,,,,,,,,,,,,,,,,,,,,,,,,,,,,,,,,,,,,,,,,,,,,,,,,,,,,,,,,
Moldova,MDA,,,,,,,,,,,,,,,,,,,,,,,,,,,,,,,,,,,,,,73.7,,,62.4,,,,,67.8,,,,,,,59.5,,,,,,,,56,
Madagascar,MDG,,,,,,,,,,,,,,,,,,,,,,,,,,,,,,,,,16.7,,,,,19.4,,25,18.8,,,,27.1,,,,,39.9,,,,39.8,,,,47.9,44.4,,49.7,49.7
Maldives,MDV,,,,,,,,,,,,,,,,,,,,,,,,,,,,,,,,29,,,,,,,,42,,,,,39,,,,,34.7,,,,,,,,18.8,,,,
Middle East & North Africa,MEA,,,,,,,,,,,,,,,,,,,,,,,,,,,,,,,43.00158398,,,,,,,,,,57.76445396,,,,,,,,,,64.38732361,,,,,,,,,,,
Mexico,MEX,,,,,,,,,,,,,,,,,,30.3,40,37.8,,,47.7,,,,,52.7,,,,,63.1,,,66.5,,68.4,,,,,,74.5,,,70.9,,,72.5,,,,,72.3,66.9,,,73.1,,,
Marshall Islands,MHL,,,,,,,,,,,,,,,,,,,,,,,,,,,,,,,,,,,,,,,,,,,,,,,,44.6,,,,,,,,,,,,,,
Middle income,MIC,,,,,,,,,,,,,,,,,,,,,,,,,,,,,,,,,,,,,,,,,62.00128178,,,,,,,,,,,,,,,,,,,65.5913504,,
North Macedonia,MKD,,,,,,,,,,,,,,,,,,,,,,,,,,,,,,,,,,,,,,,,,,,,,,,,,,,,40.4,,,,,,,,59.9,,
Mali,MLI,,,,,,,,,,,,,,,,,,,,,,,,,,,,4.7,,,,,,,,,6.7,,,,,8.1,,,,,8.2,,,,9.8,,,10.3,,15.6,,,17.2,,,
Malta,MLT,,,,,,,,,,,,87,,,,,,,,,,,,,,,,,,,,,,85.8,,,,,,,,,,,,,,,,,,,,,,,,,,,,
Myanmar,MMR,,,,,,,,,,,,,,,,,,,,,,,,,,,,,,,,16.8,,,,,,32.7,,,,32.5,,,,,,41,,,,,,,,,52.2,,,,,
Middle East & North Africa (excluding high income),MNA,,,,,,,,,,,,,,,,,,,,,,,,,,,,,,,42.60118748,,,,,,,,,,61.05519415,,,,,,,,,,64.88498641,,,,,,,,,,,
Montenegro,MNE,,,,,,,,,,,,,,,,,,,,,,,,,,,,,,,,,,,,,,,,,52.7,,,,,,39.6,,,,,,,23.2,,,,,20.7,,,
Mongolia,MNG,,,,,,,,,,,,,,,,,,,,,,,,,,,,,,,,,,,,,57.3,,59.9,,67.4,,,69,,66,,,55.2,,54.9,,,54.6,,,,,48.1,,,
Northern Mariana Islands,MNP,,,,,,,,,,,,,,,,,,,,,,,,,,,,,,,,,,,,,,,,,,,,,,,,,,,,,,,,,,,,,,
Mozambique,MOZ,,,,,,,,,,,,,,,,,,,,,,,,,,,,,,,,,,,,,,5.6,,,,,,16.5,18.1,,,,16.2,11.6,,11.6,,,,27.1,,,,,,
Mauritania,MRT,,,,,,,,,,,,,,,,,,,,,,0.8,,,,,,,,,,4.1,,,,,,,,,,8,,,,,,9.3,,,,11.4,,,,17.8,,,,,11.5,14.3
Mauritius,MUS,,,,,,,,,,,,,,,,,,,,,,,,,,79.5,,,,,,74.6,,,,,,,,,,,75.9,,,,,,,,,,,,63.8,,,,,,,
Malawi,MWI,,,,,,,,,,,,,,,,,,,,,,,,,6.9,,,,,,,,13,,,,21.9,,,,30.6,,,,32.5,32.5,41,,,,46.1,,,,58.6,,59.2,,,,65.6,
Malaysia,MYS,,,,,,,,8.7,,,,,,,33,,,,,,,,,,51.4,,,,48.3,,,,,,55.1,,,,,,,,,,49,,,,,,,,,,52.2,,,,,,,
North America,NAC,,,,,,,,,,,,,,,,,,,,,,,,,,,,,,,70.7,,,,,,,,,,73.52345873,,,,,,,,,,76.4,,,,,,,,,73.9,,
Namibia,NAM,,,,,,,,,,,,,,,,,,,,,,,,,,,,,,40.9,,,28.9,,,,,,,,43.7,,,,,,,55.1,,,,,,56.1,,,,,,,,
New Caledonia,NCL,,,,,,,,,,,,,,,,,,,,,,,,,,,,,,,,,,,,,,,,,,,,,,,,,,,,,,,,,,,,,,
Niger,NER,,,,,,,,,,,,,,,,,,,,,,,,,,,,,,,,,4.4,,,,,,8.2,,14,,,,,,11.2,,,,,,13.9,,,14.7,17,18.9,11.1,,,11
Nigeria,NGA,,,,,,,,,,,,,,,,,,,,,,,6.8,,,,,,,,6,,,,,,,,,15.2,,,,12.6,,,,14.7,14.6,,,17.5,13.5,15.1,,,22.1,13.4,16.6,,,
Nicaragua,NIC,,,,,,,,,,,,,,,,,,,,,,27,,,,,,,,,,,,48.7,,,,,60.3,,,68.6,,,,,,72.4,,,,,80.4,,,,,,,,,
Netherlands,NLD,,,,,,,,,,59,,,,,,75,,,,,,,76.8,,,,,,76.3,,,,,78.5,,,,,75,,,,,75,,,,,75,,,,,73,,,,,,,,
Norway,NOR,,,,,,,,,,,,,,,,,,,,,,,,,,,,,,73.8,,,,,,,,,,,,,,,,,,,,,,,,,,,,,,,,
Nepal,NPL,,,,,,,,,,,,,,,,,2.4,,,,,6.8,,,,,15.1,,,,,,24.1,,,,28.5,,,,37.3,39.3,,,38.3,,48,,,,,49.7,,,49.6,,52.6,52.6,,46.7,,
Nauru,NRU,,,,,,,,,,,,,,,,,,,,,,,,,,,,,,,,,,,,,,,,,,,,,,,,35.6,,,,,,,,,,,,,,
New Zealand,NZL,,,,,,,,,,,,,,,,,70.1,,,,,,,,,,,,,,,,,,,74.3,,,,,,,,,,,,,,,,,,,,,,,,,,
OECD members,OED,,,,,,,,,,,,,,,,,,,,,,,,,,,,,,,68.86846497,,,,,,,,,,,,,,,,,,,,74.5352483,,,,,,,,,,,
Oman,OMN,,,,,,,,,,,,,,,,,,,,,,,,,,,,,,8.6,,,,,,23.7,,,,,31.7,,,,,,,,24.4,,,,,,29.7,,,,,,,
Other small states,OSS,,,,,,,,,,,,,,,,,,,,,,,,,,,,,,,,,,,,,,,,,33.97984421,,,,,,,,,,38.89097416,,,,,,,,,,,
Pakistan,PAK,,,,,,,,,,5.5,,,,,,5.4,,,,,3.3,,,,,9.1,,,,,,11.8,,21.9,,17.8,13,23.9,,17,,27.6,,32.1,,,26,29.6,27,,,,29,35.4,32,,,,34.2,34,,
Panama,PAN,,,,,,,,,,,,,,,,,53.9,,,60.6,,,,,,58.2,,,,,,,,,,,,,,,,,,,,,,,,62.5,,,,62.8,,50.8,,,,,,
Peru,PER,,,,,,,,,,,26,,,,,,,,31.4,,,41,,,,,45.8,,,,,,59,,,,64.2,,,,68.9,,,,,71.3,71.3,,72.4,73.2,74.4,75.4,75.5,74,74.6,74.6,76.2,75.4,76.3,75.9,77.4,
Philippines,PHL,,,,,,,,,,,,,,,,,,,36.2,,,,,,,,,,,,,,,40,,50.7,48.1,47,47.8,49.3,47,49.5,48.8,48.9,49.3,49.3,50.6,,50.7,,,48.9,,55.1,,,,54.3,,,,
Palau,PLW,,,,,,,,,,,,,,,,,,,,,,,,,,,,,,,,,,,,,,,,,,,,,,,,,,,,,,,,,,,,,,
Papua New Guinea,PNG,,,,,,,,,,,,,,,,,,,,,,,,,,,,,,,,,,,,,,25.9,,,,,,,,,,32.4,,,,,,,,,,36.7,36.7,,,
Poland,POL,,,,,,,,,,,,,60,,,,,75,,,,,,,,,,,,,,72.8,,,,,,,,,,,,,,,,,,,,50.5,,,63.2,,,,,,,
Pre-demographic dividend,PRE,,,,,,,,,,,,,,,,,,,,,,,,,,,,,,,10.33992866,,,,,,,,,,19.65726781,,,,,,,,,,22.47352162,,,,,,,,,29.87395442,,
Puerto Rico,PRI,,,,,,,,,,,,,,,,,,,,,,,69.4,,,,,,,,,,,,,,77.7,,,,,,,,,,,,,,,,,,,,,,,,,
"Korea, Dem. People's Rep.",PRK,,,,,,,,,,,,,,,,,,,,,,,,,,,,,,,,61.9,,,,,,67.3,,,,,68.6,,67.6,,69.1,,,,70.6,,,,78.2,,,70.2,,,,
Portugal,PRT,,,,,,,,,,,,,,,,,,,,,76.2,,,,,,,,,,,,,,,,,,,,,,,,,,85.1,,,,,,,,73.9,,,,,,,
Paraguay,PRY,,,,,,,,,,,,,,,,,,28.6,,37.7,,,,,,,,44.8,,,48.4,,,,,,55.9,,62.3,,,,,,72.8,,,,79.4,,,,,,,,68.4,,,,,
West Bank and Gaza,PSE,,,,,,,,,,,,,,,,,,,,,,,,,,,,,,,,,,,,,45.2,,,,51.4,,,,50.8,,,50.2,,,52.5,,,,57.2,,,,,,57.3,
Pacific island small states,PSS,,,,,,,,,,,,,,,,,,,,,,,,,,,,,,,,,,,,,,,,,,,,,,,,,,,,,,,,,,,,,,
Post-demographic dividend,PST,,,,,,,,,,,,,,,,,,,,,,,,,,,,,,,,,,,,,,,,,71.67949822,,,,,,,,,,75.05436994,,,,,,,,,,,
French Polynesia,PYF,,,,,,,,,,,,,,,,,,,,,,,,,,,,,,,,,,,,,,,,,,,,,,,,,,,,,,,,,,,,,,
Qatar,QAT,,,,,,,,,,,,,,,,,,,,,,,,,,,,32.3,,,,,,,,,,,43.2,,,,,,,,,,,,,,37.5,,,,,,,,,
Romania,ROU,,,,,,,,,,,,,,,,,,,,,,,,,,,,,,,,,,57.3,,,,,,63.8,,,,,70.3,69.8,,,,,,,,,,,,,,,,
Russian Federation,RUS,,,,,,,,,,,,,,,,,,,,,,,,,,,,,,,,,,62.5,66.8,63.4,65.3,,,,,,,,68.5,,,63,,,,68,,,,,,,,,,
Rwanda,RWA,,,,,,,,,,,,,,,,,,,,,,,,11,,,,,,,,,21.2,,,,,,,,13.2,,,,,17.4,,,36.4,,51.6,51.6,,,,53.2,,,,,64.1,
South Asia,SAS,,,,,,,,,,,,,,,,,,,,,,,,,,,,,,,41.07144882,,,,,,,,,,45.42945905,,,,,,,,,,52.08622444,,,,,,,,,61.35995332,,
Saudi Arabia,SAU,,,,,,,,,,,,,,,,,,,,,,,,,,,,,,,,,,,,,,31.8,,20.8,,,,,,,,23.8,,,,,,,,,24.6,,,27.6,,
Sudan,SDN,,,,,,,,,,,,,,,,,,,,4.6,,,,,,,,,,,8.7,,,9.9,,,,,,7,,,,,,,9.5,,,,9.1,,,,12.8,,,,,,,
Senegal,SEN,,,,,,,,,,,,,,,,,,,3.9,,,,,,,,11.3,,,,,,,7.5,,,,12.9,,10.5,,,,,,11.8,,,,,,13.1,,17.8,22.2,23.3,25.1,27.8,27.1,26.9,,
Singapore,SGP,,,,,,,,,,,,,,60.1,,,,71.3,,,,,74,,,,,67,,,,,65,,,,,62,,,,,,,,,,,,,,,,,,,,,,,,
Solomon Islands,SLB,,,,,,,,,,,,,,,,,,,,,,,,,,,,,,,,,,,,,,,,,,,,,,,,34.6,,,,,,,,29.3,,,,,,
Sierra Leone,SLE,,,,,,,,,,,,,,,,,,,,,,,,,,,,,,,,,,,,,,,,,4.3,,,,,5.3,,,8.2,,11,,,16.6,,,,22.5,,21.2,,
El Salvador,SLV,,,,,,,,,,,,,,,,21.6,,,34.4,,,,,,,47.3,,,47.1,,,,,53.3,,,,,59.7,,,,,67.3,,,,,72.5,,,,,,71.8,,,,,,,
San Marino,SMR,,,,,,,,,,,,,,,,,,,,,,,,,,,,,,,,,,,,,,,,,,,,,,,,,,,,,,,,,,,,,,
Somalia,SOM,,,,,,,,,,,,,,,,,,,,,,,,,,,,,,,,,,,,,,,,7.9,,,,,,,14.6,,,,,9.8,,,,,,,,6.9,,
Serbia,SRB,,,,,,,,,,,,,,,,,,,,,,,,,,,,,,,,,,,,,,,,,58.7,,,,,,41.3,,,,60.8,,,,58.4,,,,,62.3,,
Sub-Saharan Africa (excluding high income),SSA,,,,,,,,,,,,,,,,,,,,,,,,,,,,,,,14.98047411,,,,,,,,,,22.09177515,,,,,,,,,,23.75646087,,,,,,,,,32.79501291,,
South Sudan,SSD,,,,,,,,,,,,,,,,,,,,,,,,,,,,,,,,,,,,,,,,,,,,,,,3.5,,,,4,,,,,,,,,,,
Sub-Saharan Africa,SSF,,,,,,,,,,,,,,,,,,,,,,,,,,,,,,,14.98047411,,,,,,,,,,22.09177515,,,,,,,,,,23.75646087,,,,,,,,,32.79501291,,
Small states,SST,,,,,,,,,,,,,,,,,,,,,,,,,,,,,,,,,,,,,,,,,34.89826712,,,,,,,,,,43.86933748,,,,,,,,,,,
Sao Tome and Principe,STP,,,,,,,,,,,,,,,,,,,,,,,,,,,,,,,,,,,,,,,,,29.3,,,,,,30.7,,,38.4,,,,,40.5,,,,,49.7,,
Suriname,SUR,,,,,,,,,,,,,,,,,,,,,,,,,,,,,,,,,,,,,,,,,42.1,,,,,,45.6,,,,47.6,,,,,,,,39.1,,,
Slovak Republic,SVK,,,,,,,,,,,,,,,,,,,,,,,,,,,,,,,,,,,,,,,,,,,,,,,,,,,,,,,,,,,,,,
Slovenia,SVN,,,,,,,,,,,,,,,,,,,,,,,,,,,,,,,,,,,,78.9,,,,,,,,,,,,,,,,,,,,,,,,,,
Sweden,SWE,,,,,,,,,,,,,,,,,,,,,,,,,,,,,,,,,,,,,,,,,,,,,,,,,,,,,,,,,,,,,,
Eswatini,SWZ,,,,,,,,,,,,,,,,,,,,,,,,,,,,,,19.9,,,,,,,,,,,27.8,,,,,,,50.6,,,65.2,,,,66.1,,,,,,,
Sint Maarten (Dutch part),SXM,,,,,,,,,,,,,,,,,,,,,,,,,,,,,,,,,,,,,,,,,,,,,,,,,,,,,,,,,,,,,,
Seychelles,SYC,,,,,,,,,,,,,,,,,,,,,,,,,,,,,,,,,,,,,,,,,,,,,,,,,,,,,,,,,,,,,,
Syrian Arab Republic,SYR,,,,,,,,,,,,,,,,,,,29.5,,,,,,,,,,,,,,,39.6,,,,,,,,46.6,,,,,58.3,,,53.9,,,,,,,,,,,,
Turks and Caicos Islands,TCA,,,,,,,,,,,,,,,,,,,,,,,,,,,,,,,,,,,,,,,,,,,,,,,,,,,,,,,,,,,,,34.4,
Chad,TCD,,,,,,,,,,,,,,,,,,,,,,,,,,,,,,,,,,,,,,4.1,,,7.9,,,,11.1,,,,,,4.8,,,,,5.7,,,,8.1,,
East Asia & Pacific (IDA & IBRD countries),TEA,,,,,,,,,,,,,,,,,,,,,,,,,,,,,,,,,,,,,,,,,78.46599887,,,,,,,,,,,,,,,,,,,77.45877947,,
Europe & Central Asia (IDA & IBRD countries),TEC,,,,,,,,,,,,,,,,,,,,,,,,,,,,,,,,,,,,,,,,,,,,,,,,,,,63.62488605,,,,,,,,,,,
Togo,TGO,,,,,,,,,,,,,,,,,,,,,,,,,,,,,33.9,,,,,,,,,,23.5,,25.7,,,,,,16.4,,,,15.2,,,,19.9,,,23.8,,,,
Thailand,THA,,,,,,,,,,,14.8,,,26.3,,33.3,,,53.4,,,58.2,,,62.2,,,65.5,,66.2,,,,73.9,,,73.6,72.2,,,,77.8,,,,,76.7,,,79.6,,,79.3,,,,78.3,,,73,,
Tajikistan,TJK,,,,,,,,,,,,,,,,,,,,,,,,,,,,,,,,,,,,,,,,,33.9,,,,,37.9,,37.1,,,,,27.9,,,,,29.3,,,,
Turkmenistan,TKM,,,,,,,,,,,,,,,,,,,,,,,,,,,,,,,,,,,,,,,,,61.8,,,,,,48,,,,,,,,,,50.2,,,49.7,,
Latin America & the Caribbean (IDA & IBRD countries),TLA,,,,,,,,,,,,,,,,,,,,,,,,,,,,,,,,,,,,,,,,,,,,,,,,,,,,,,,,,,,,,,
Timor-Leste,TLS,,,,,,,,,,,,,,,,,,,,,,,,,,,,,,,,25.1,,,22.6,,,26.7,,,,8,,10,,,,19.8,,,22.3,,,,,,26,,,,,
Middle East & North Africa (IDA & IBRD countries),TMN,,,,,,,,,,,,,,,,,,,,,,,,,,,,,,,42.60118748,,,,,,,,,,61.16212651,,,,,,,,,,65.04258065,,,,,,,,,,,
Tonga,TON,,,,,,,,,,,,,,,,,,,,,,,,,,,,,,,,,,,,,,,,,,,,,,,,,,,,,34.1,,,,,,,29.3,,
South Asia (IDA & IBRD),TSA,,,,,,,,,,,,,,,,,,,,,,,,,,,,,,,41.07144882,,,,,,,,,,45.42945905,,,,,,,,,,52.08622444,,,,,,,,,61.35995332,,
Sub-Saharan Africa (IDA & IBRD countries),TSS,,,,,,,,,,,,,,,,,,,,,,,,,,,,,,,14.98047411,,,,,,,,,,22.09177515,,,,,,,,,,23.75646087,,,,,,,,,32.79501291,,
Trinidad and Tobago,TTO,,,,,,,,,,,,44,,,,,,52,,,,,,,,,,52.7,,,,,,,,,,,,,38.2,,,,,,42.5,,,,,40.3,,,,,,,,,,
Tunisia,TUN,,,,,,,,,,,,,,,,,,,31.4,,,,,41.1,,,,,49.8,,,,,,,60,,,,,65.5,62.6,,,,,60.2,,,,,,62.5,,,,,,50.7,,,
Turkiye,TUR,,,,22.1,,,,,31.6,,,,,36.8,,,,,50.4,,,,,50.6,,,,,63.3,,,,,62.6,,,,,63.9,,,,,71,72.2,,,,73,,,,,73.5,73.5,,,,69.8,,,
Tuvalu,TUV,,,,,,,,,,,,,,,,,,,,,,,,,,,,,,,,,,,,,,,,,,,,,,,,30.5,,,,,,,,,,,,,23.7,
Tanzania,TZA,,,,,,,,,,,,,,,,,,,,,,,,,,,,,,,,,10.4,,20.4,,18.4,,,25.4,,,,,28.2,26.4,,,,,34.4,,,,,,38.4,,,,,
Uganda,UGA,,,,,,,,,,,,,,,,,,,,,,,,,,,,,,4.9,,,,,,14.8,,,,,,22.8,,,,19.7,23.7,,,,,30,,,27.3,34.7,39,41,42.6,,45.2,50.2
Ukraine,UKR,,,,,,,,,,,,,,,,,,,,,,,,,,,,,,,,,,,,,,,,67.5,71.6,,,,,65.6,,66.7,,,,,65.5,,,,,,,,,
Upper middle income,UMC,,,,,,,,,,,,,,,,,,,,,,,,,,,,,,,,,,,,,,,,,81.81612983,,,,,,,,,,,,,,,,,,,78.97003085,,
Uruguay,URY,,,,,,,,,,,,,,,,,,,,,,,,,,,83,,,,,,,,,,,,,,,,,,77,,,,,,,,,,,,,,,,,
United States,USA,,,,,,66.5,,,,,67.6,,,69.6,,79,67.7,,,,,,69.7,,,,,,74.3,,70.7,,,,,76.4,,,,,,,72.8,,,,,77.1,76.4,,,,,,72.7,,75.9,,73.9,,,
Uzbekistan,UZB,,,,,,,,,,,,,,,,,,,,,,,,,,,,,,,,,,,,,55.6,,,,67.2,,67.7,,,,64.9,,,,,,,,,,,,,,,
St. Vincent and the Grenadines,VCT,,,,,,,,,,,,,,,,,,,,,,55.5,,,,,,,58.3,,,,,,,,,,,,,,,,,,,,,,,,,,,,,,,,,
"Venezuela, RB",VEN,,,,,,,,,,,,,,,,,,50,,,,,,,,,,,,,,,,58,,,,,70.3,,,,,,,,,,,,75,,,,,,,,,,,
British Virgin Islands,VGB,,,,,,,,,,,,,,,,,,,,,,,,,,,,,,,,,,,,,,,,,,,,,,,,,,,,,,,,,,,,,,
Virgin Islands (U.S.),VIR,,,,,,,,,,,,,,,,,,,,,,,,,,,,,,,,,,,,,,,,,,,,,,,,,,,,,,,,,,,,,,
Vietnam,VNM,,,,,,,,,,,,,,,,,,,,,,,,,,,,,53.2,,,,,,65,,,75.3,71.9,,74.2,73.9,78.5,75,75.7,76.9,75.7,79,79.4,,78,77.8,76.2,77.2,75.7,75.7,77.6,,76.4,76.5,,72.8
Vanuatu,VUT,,,,,,,,,,,,,,,,,,,,,,,,,24.4,,,,,,,,,,,,,,,,,,,,,,,38.4,,,,,,49,,,,,,,,
World,WLD,,,,,,,,,,,,,,,,,,,,,,,,,,,,,,,,,,,,,,,,,60.66555429,,,,,,,,,,56.00880571,,,,,,,,,62.94414843,,
Samoa,WSM,,,,,,,,,,,,,,,,,,,,,,,,,,,,,,,,,,,,,,,,,,,,,,,,,,28.7,,,,,26.9,,,,,,16.6,
Kosovo,XKX,,,,,,,,,,,,,,,,,,,,,,,,,,,,,,,,,,,,,,,,,,,,,,,,,,,,,,,,,,,,,,
"Yemen, Rep.",YEM,,,,,,,,,,,,,,,,,,,,1.7,,,,,,,,,,,,,9.7,,,,,20.8,,,,,,23.1,,,27.7,,,,,,,33.5,,,,,,,,
South Africa,ZAF,,,,,,,,,,,,,,,,,,,,,,,,,,,,,49.7,,,,,,,,,,56.3,,,,,,59.9,,,,,,,,,,,,54.6,,,,,
Zambia,ZMB,,,,,,,,,,,,,,,,,,,,,,,,,,,,,,,,,15.2,,,,25.9,25.9,,22.1,,,34.2,,,,,40.8,,,,,,,49,,,,49.6,,,
Zimbabwe,ZWE,,,,,,,,,,,,,,,,,,,,,,,,,38.4,,,,43.1,43.1,,,,,48.1,,,,,53.5,,,,,,,60.2,,,64.9,,58.5,,,67,66.8,,,,,,