p25,p_median,item_id,itemName,dateStata
1,1.6,212918,"FRZN READY-COOKD MEAL SERVES 1",01-01-2021
2,2.5,213005,"HOT CHOCOLATE DRINK INSTANT",01-01-2021
1,1.5,212930,"MAYONNAISE 390-500G/420-540MLS",01-01-2021
2.54,3.4,211408,"OLIVE OIL - 500ML - 1 LITRE",01-01-2021
1.5,1.79,212405,"FROZEN CHIPS 900G-1.5KG'",01-01-2021
2,3.5,212939,"CHILLED PIZZA EACH 300-600G",01-01-2021
.995,1.2,520209,"TOOTHPASTE",01-01-2021
1.25,1.3,211407,"Margarine 500g",01-01-2021
.99,1.05,210111,"WHITE SLICED LOAF BRANDED 750G",01-01-2021
1.29,1.6,210212,"Basmati Rice 500g-1KG",01-01-2021
.85,.9,212006,"FRUIT JUICE NOT ORANGE 1L",01-01-2021
2,2.5,210213,"Breakfast Cereal",01-01-2021
1.09,1.1,211709,"SHOP MILK-WHOLE MILK-4PT/2LTR'",01-01-2021
2.65,2.75,213003,"COFFEE-INSTANT 90 -100G JAR",01-01-2021
1.1,2,211901,"TEA BAGS PKT OF 80 (230G-250G)",01-01-2021
1.1,1.1,210102,"Large White Loaf Unsliced 800g",01-01-2021
1.05,1.4,211714,"NON-DAIRY MILK DRINK 900ML-1LT",01-01-2021
.5,.6,211814,"YOGHURT-SMALL INDIVIDUAL",01-01-2021
.53,.55,210204,"Dry Spaghetti/Pasta 500g",01-01-2021
.79,.85,211207,"CANNED FISH, TUNA, 130G-200G",01-01-2021
15,17.65,211510,"Parmesan Cheese per kg'",01-01-2021
.7,.75,212608,"CANNED SWEETCORN 198-340G",01-01-2021
.85,.85,212402,"POTATO CRISPS 25G-50G",01-01-2021
.4,.65,212008,"LEMONADE-2 LITRE BOTTLE",01-01-2021
.45,.95,212910,"Canned Soup 400g",01-01-2021
.69,.75,210106,"SIX BREAD ROLLS-WHITE/BROWN",01-01-2021
.95,1.1,210113,"WHOLEMEAL SLICED LOAF BRANDED",01-01-2021
1.7,2.2,211603,"Large Eggs per dozen",01-01-2021
1.39,2.25,211210,"FROZEN FISH FINGERS 8-12 PK",01-01-2021
7.5,9.165,211511,"SOFT CONTINENTAL CHEESE - KG",01-01-2021
.3,.85,212603,"Baked Beans 400g",01-01-2021
5,6.82,211501,"CHEDDAR-HOME PRODUCED PER KG",01-01-2021
.8,.8,211710,"Semi-skimmed Milk 2 pints'",01-01-2021
.25,.415,212021,"Bottle still water",01-01-2021
1.4,2,211409,"Peanut Butter 225-350g",01-01-2021
1,1.65,212225,"CHOCOLATE LARGE BAR 100-200G",01-01-2021
1.65,1.7,211306,"250g Butter'",01-01-2021
.35,.45,212601,"Canned Tomatoes 400g",01-01-2021
1.7,2,212933,"ICE CREAM 450ML-1L",01-01-2021
1,1.5,212918,"FRZN READY-COOKD MEAL SERVES 1",01-02-2021
1.2,1.4,211714,"NON-DAIRY MILK DRINK 900ML-1LT",01-02-2021
7.5,9.1,211511,"SOFT CONTINENTAL CHEESE - KG",01-02-2021
1.79,2.2,211603,"Large Eggs per dozen",01-02-2021
5,5.53,211501,"CHEDDAR-HOME PRODUCED PER KG",01-02-2021
.85,.9,212006,"FRUIT JUICE NOT ORANGE 1L",01-02-2021
.45,.95,212910,"Canned Soup 400g",01-02-2021
1.5,2,211409,"Peanut Butter 225-350g",01-02-2021
2,3.5,212939,"CHILLED PIZZA EACH 300-600G",01-02-2021
15,17.65,211510,"Parmesan Cheese per kg'",01-02-2021
2,2.65,213003,"COFFEE-INSTANT 90 -100G JAR",01-02-2021
1.09,1.09,211709,"SHOP MILK-WHOLE MILK-4PT/2LTR'",01-02-2021
1,1.75,212930,"MAYONNAISE 390-500G/420-540MLS",01-02-2021
.55,.6,211814,"YOGHURT-SMALL INDIVIDUAL",01-02-2021
1.5,2.2,213005,"HOT CHOCOLATE DRINK INSTANT",01-02-2021
.35,.45,212601,"Canned Tomatoes 400g",01-02-2021
1.5,2.29,212405,"FROZEN CHIPS 900G-1.5KG'",01-02-2021
.53,.55,210204,"Dry Spaghetti/Pasta 500g",01-02-2021
1.65,1.75,211306,"250g Butter'",01-02-2021
1,1.6,212225,"CHOCOLATE LARGE BAR 100-200G",01-02-2021
2.55,3.45,211408,"OLIVE OIL - 500ML - 1 LITRE",01-02-2021
1.29,1.6,210212,"Basmati Rice 500g-1KG",01-02-2021
.4,.65,212008,"LEMONADE-2 LITRE BOTTLE",01-02-2021
.79,.88,211207,"CANNED FISH, TUNA, 130G-200G",01-02-2021
1.1,2,211901,"TEA BAGS PKT OF 80 (230G-250G)",01-02-2021
.95,1.1,210113,"WHOLEMEAL SLICED LOAF BRANDED",01-02-2021
.69,.75,210106,"SIX BREAD ROLLS-WHITE/BROWN",01-02-2021
2,2.9,210213,"Breakfast Cereal",01-02-2021
.3,.85,212603,"Baked Beans 400g",01-02-2021
1.7,1.85,212933,"ICE CREAM 450ML-1L",01-02-2021
1.49,2.5,211210,"FROZEN FISH FINGERS 8-12 PK",01-02-2021
.7,.75,212608,"CANNED SWEETCORN 198-340G",01-02-2021
1.1,1.1,210102,"Large White Loaf Unsliced 800g",01-02-2021
.23,.33,212021,"Bottle still water",01-02-2021
1,1.2,520209,"TOOTHPASTE",01-02-2021
.85,.85,212402,"POTATO CRISPS 25G-50G",01-02-2021
.8,.8,211710,"Semi-skimmed Milk 2 pints'",01-02-2021
1.25,1.95,211407,"Margarine 500g",01-02-2021
.99,1.1,210111,"WHITE SLICED LOAF BRANDED 750G",01-02-2021
1,1.25,211407,"Margarine 500g",01-03-2021
1.81,2.2,211603,"Large Eggs per dozen",01-03-2021
.94,1.1,210113,"WHOLEMEAL SLICED LOAF BRANDED",01-03-2021
.79,.88,211207,"CANNED FISH, TUNA, 130G-200G",01-03-2021
3,3.5,212939,"CHILLED PIZZA EACH 300-600G",01-03-2021
2,2.65,213003,"COFFEE-INSTANT 90 -100G JAR",01-03-2021
1.09,1.09,211709,"SHOP MILK-WHOLE MILK-4PT/2LTR'",01-03-2021
.55,.6,211814,"YOGHURT-SMALL INDIVIDUAL",01-03-2021
1.5,2,212405,"FROZEN CHIPS 900G-1.5KG'",01-03-2021
.69,.75,210106,"SIX BREAD ROLLS-WHITE/BROWN",01-03-2021
1,1.675,212918,"FRZN READY-COOKD MEAL SERVES 1",01-03-2021
.8,.8,211710,"Semi-skimmed Milk 2 pints'",01-03-2021
1,1.5,212225,"CHOCOLATE LARGE BAR 100-200G",01-03-2021
.53,.58,210204,"Dry Spaghetti/Pasta 500g",01-03-2021
.85,.85,212402,"POTATO CRISPS 25G-50G",01-03-2021
1,1.2,520209,"TOOTHPASTE",01-03-2021
1.25,1.6,210212,"Basmati Rice 500g-1KG",01-03-2021
.3,.85,212603,"Baked Beans 400g",01-03-2021
1.1,1.1,210102,"Large White Loaf Unsliced 800g",01-03-2021
1.7,1.99,212933,"ICE CREAM 450ML-1L",01-03-2021
1.1,1.4,211714,"NON-DAIRY MILK DRINK 900ML-1LT",01-03-2021
2,2.89,210213,"Breakfast Cereal",01-03-2021
.9,1.1,210111,"WHITE SLICED LOAF BRANDED 750G",01-03-2021
1,1.5,212930,"MAYONNAISE 390-500G/420-540MLS",01-03-2021
.9,.9,212006,"FRUIT JUICE NOT ORANGE 1L",01-03-2021
.5,.95,212910,"Canned Soup 400g",01-03-2021
.7,.75,212608,"CANNED SWEETCORN 198-340G",01-03-2021
.4,.65,212008,"LEMONADE-2 LITRE BOTTLE",01-03-2021
2.5,3.4,211408,"OLIVE OIL - 500ML - 1 LITRE",01-03-2021
1.15,2,211901,"TEA BAGS PKT OF 80 (230G-250G)",01-03-2021
15.5,17.65,211510,"Parmesan Cheese per kg'",01-03-2021
1.5,2.5,211210,"FROZEN FISH FINGERS 8-12 PK",01-03-2021
5,6.29,211501,"CHEDDAR-HOME PRODUCED PER KG",01-03-2021
1.6,1.7,211306,"250g Butter'",01-03-2021
.39,.45,212601,"Canned Tomatoes 400g",01-03-2021
2,2.5,213005,"HOT CHOCOLATE DRINK INSTANT",01-03-2021
7.2,7.5,211511,"SOFT CONTINENTAL CHEESE - KG",01-03-2021
.235,.25,212021,"Bottle still water",01-03-2021
1.5,2,211409,"Peanut Butter 225-350g",01-03-2021
.31,.85,212603,"Baked Beans 400g",01-04-2021
.8,.8,211710,"Semi-skimmed Milk 2 pints'",01-04-2021
.79,.88,211207,"CANNED FISH, TUNA, 130G-200G",01-04-2021
1.09,1.09,211709,"SHOP MILK-WHOLE MILK-4PT/2LTR'",01-04-2021
1.5,1.825,211409,"Peanut Butter 225-350g",01-04-2021
2.1,2.65,213003,"COFFEE-INSTANT 90 -100G JAR",01-04-2021
1.49,2.5,211210,"FROZEN FISH FINGERS 8-12 PK",01-04-2021
1.35,1.4,211714,"NON-DAIRY MILK DRINK 900ML-1LT",01-04-2021
1,1.6,212918,"FRZN READY-COOKD MEAL SERVES 1",01-04-2021
.24,.38,212021,"Bottle still water",01-04-2021
1.25,1.5,211407,"Margarine 500g",01-04-2021
.94,1.1,210113,"WHOLEMEAL SLICED LOAF BRANDED",01-04-2021
6.75,7.5,211511,"SOFT CONTINENTAL CHEESE - KG",01-04-2021
2,3.5,212939,"CHILLED PIZZA EACH 300-600G",01-04-2021
5,6.82,211501,"CHEDDAR-HOME PRODUCED PER KG",01-04-2021
.53,.58,210204,"Dry Spaghetti/Pasta 500g",01-04-2021
1.1,1.1,210102,"Large White Loaf Unsliced 800g",01-04-2021
1.64,1.7,211306,"250g Butter'",01-04-2021
.4,.65,212008,"LEMONADE-2 LITRE BOTTLE",01-04-2021
.85,.85,212402,"POTATO CRISPS 25G-50G",01-04-2021
.55,.6,211814,"YOGHURT-SMALL INDIVIDUAL",01-04-2021
.39,.45,212601,"Canned Tomatoes 400g",01-04-2021
1,1.2,520209,"TOOTHPASTE",01-04-2021
1.5,2.29,212405,"FROZEN CHIPS 900G-1.5KG'",01-04-2021
.9,.9,212006,"FRUIT JUICE NOT ORANGE 1L",01-04-2021
2,2.2,211603,"Large Eggs per dozen",01-04-2021
.5,.95,212910,"Canned Soup 400g",01-04-2021
2.2,2.5,213005,"HOT CHOCOLATE DRINK INSTANT",01-04-2021
1,1.5,212930,"MAYONNAISE 390-500G/420-540MLS",01-04-2021
2.99,3.5,211408,"OLIVE OIL - 500ML - 1 LITRE",01-04-2021
.89,1.1,210111,"WHITE SLICED LOAF BRANDED 750G",01-04-2021
2,2.9,210213,"Breakfast Cereal",01-04-2021
1.7,2,212933,"ICE CREAM 450ML-1L",01-04-2021
.7,.75,212608,"CANNED SWEETCORN 198-340G",01-04-2021
15.5,20,211510,"Parmesan Cheese per kg'",01-04-2021
1.25,1.6,210212,"Basmati Rice 500g-1KG",01-04-2021
1,1.6,212225,"CHOCOLATE LARGE BAR 100-200G",01-04-2021
.7,.75,210106,"SIX BREAD ROLLS-WHITE/BROWN",01-04-2021
1.15,2,211901,"TEA BAGS PKT OF 80 (230G-250G)",01-04-2021
.8,1,210113,"WHOLEMEAL SLICED LOAF BRANDED",01-05-2021
1.7,1.85,212933,"ICE CREAM 450ML-1L",01-05-2021
.25,.33,212021,"Bottle still water",01-05-2021
1.85,2.2,211603,"Large Eggs per dozen",01-05-2021
1.4,1.8,211409,"Peanut Butter 225-350g",01-05-2021
.3,.85,212603,"Baked Beans 400g",01-05-2021
1.5,2,212405,"FROZEN CHIPS 900G-1.5KG'",01-05-2021
1,1.5,211407,"Margarine 500g",01-05-2021
1.6,1.8,211306,"250g Butter'",01-05-2021
.5,.95,212910,"Canned Soup 400g",01-05-2021
7.5,9.46,211511,"SOFT CONTINENTAL CHEESE - KG",01-05-2021
.7,.75,210106,"SIX BREAD ROLLS-WHITE/BROWN",01-05-2021
.79,1.1,210111,"WHITE SLICED LOAF BRANDED 750G",01-05-2021
15,17.65,211510,"Parmesan Cheese per kg'",01-05-2021
2.55,3.4,211408,"OLIVE OIL - 500ML - 1 LITRE",01-05-2021
.85,.9,212006,"FRUIT JUICE NOT ORANGE 1L",01-05-2021
2,2.89,210213,"Breakfast Cereal",01-05-2021
.95,1.5,212930,"MAYONNAISE 390-500G/420-540MLS",01-05-2021
1.225,1.5,211714,"NON-DAIRY MILK DRINK 900ML-1LT",01-05-2021
1.25,1.6,210212,"Basmati Rice 500g-1KG",01-05-2021
2,2.65,213003,"COFFEE-INSTANT 90 -100G JAR",01-05-2021
1.19,1.55,220117,"BOTTLED MINERAL WATER",01-05-2021
1.1,1.1,210102,"Large White Loaf Unsliced 800g",01-05-2021
.4,.5,212601,"Canned Tomatoes 400g",01-05-2021
5,6.25,211501,"CHEDDAR-HOME PRODUCED PER KG",01-05-2021
2,2.5,213005,"HOT CHOCOLATE DRINK INSTANT",01-05-2021
.4,.65,212008,"LEMONADE-2 LITRE BOTTLE",01-05-2021
1,1.2,520209,"TOOTHPASTE",01-05-2021
1.09,1.09,211709,"SHOP MILK-WHOLE MILK-4PT/2LTR'",01-05-2021
1.2,1.75,212918,"FRZN READY-COOKD MEAL SERVES 1",01-05-2021
.55,.68,211814,"YOGHURT-SMALL INDIVIDUAL",01-05-2021
.85,.85,212402,"POTATO CRISPS 25G-50G",01-05-2021
.85,.95,211207,"CANNED FISH, TUNA, 130G-200G",01-05-2021
.53,.65,210204,"Dry Spaghetti/Pasta 500g",01-05-2021
.8,.8,211710,"Semi-skimmed Milk 2 pints'",01-05-2021
1.1,2,211901,"TEA BAGS PKT OF 80 (230G-250G)",01-05-2021
2,3,212939,"CHILLED PIZZA EACH 300-600G",01-05-2021
1,1.79,212225,"CHOCOLATE LARGE BAR 100-200G",01-05-2021
1.19,2.5,211210,"FROZEN FISH FINGERS 8-12 PK",01-05-2021
.7,.75,212608,"CANNED SWEETCORN 198-340G",01-05-2021
1,1.6,212225,"CHOCOLATE LARGE BAR 100-200G",01-06-2021
1.2,1.6,212918,"FRZN READY-COOKD MEAL SERVES 1",01-06-2021
1.7,1.99,212933,"ICE CREAM 450ML-1L",01-06-2021
.24,.45,212021,"Bottle still water",01-06-2021
.8,1.1,210113,"WHOLEMEAL SLICED LOAF BRANDED",01-06-2021
.8,.9,212006,"FRUIT JUICE NOT ORANGE 1L",01-06-2021
1.5,2.5,211210,"FROZEN FISH FINGERS 8-12 PK",01-06-2021
.8,.85,212402,"POTATO CRISPS 25G-50G",01-06-2021
1.1,2,211901,"TEA BAGS PKT OF 80 (230G-250G)",01-06-2021
1,1.8,211407,"Margarine 500g",01-06-2021
1.35,2,212405,"FROZEN CHIPS 900G-1.5KG'",01-06-2021
14.375,17.65,211510,"Parmesan Cheese per kg'",01-06-2021
.5,.6,211814,"YOGHURT-SMALL INDIVIDUAL",01-06-2021
2,2.5,213005,"HOT CHOCOLATE DRINK INSTANT",01-06-2021
5,5.71,211501,"CHEDDAR-HOME PRODUCED PER KG",01-06-2021
.7,.8,210106,"SIX BREAD ROLLS-WHITE/BROWN",01-06-2021
.54,.65,210204,"Dry Spaghetti/Pasta 500g",01-06-2021
.8,.8,211710,"Semi-skimmed Milk 2 pints'",01-06-2021
1.19,1.7,220117,"BOTTLED MINERAL WATER",01-06-2021
1.1,1.5,211714,"NON-DAIRY MILK DRINK 900ML-1LT",01-06-2021
1.09,1.09,211709,"SHOP MILK-WHOLE MILK-4PT/2LTR'",01-06-2021
.3,.85,212603,"Baked Beans 400g",01-06-2021
.4,.45,212601,"Canned Tomatoes 400g",01-06-2021
2.55,3.4,211408,"OLIVE OIL - 500ML - 1 LITRE",01-06-2021
2.1,2.65,213003,"COFFEE-INSTANT 90 -100G JAR",01-06-2021
1.1,1.15,210102,"Large White Loaf Unsliced 800g",01-06-2021
.35,.5,212008,"LEMONADE-2 LITRE BOTTLE",01-06-2021
.69,.75,212608,"CANNED SWEETCORN 198-340G",01-06-2021
1.98,2.2,211603,"Large Eggs per dozen",01-06-2021
1,1.2,520209,"TOOTHPASTE",01-06-2021
.79,.9,211207,"CANNED FISH, TUNA, 130G-200G",01-06-2021
.79,1.1,210111,"WHITE SLICED LOAF BRANDED 750G",01-06-2021
.95,1.5,212930,"MAYONNAISE 390-500G/420-540MLS",01-06-2021
.45,.95,212910,"Canned Soup 400g",01-06-2021
7.2,7.5,211511,"SOFT CONTINENTAL CHEESE - KG",01-06-2021
1.4,2.29,211409,"Peanut Butter 225-350g",01-06-2021
2,3.29,212939,"CHILLED PIZZA EACH 300-600G",01-06-2021
1.29,1.6,210212,"Basmati Rice 500g-1KG",01-06-2021
1.6,1.7,211306,"250g Butter'",01-06-2021
1.9,2.5,210213,"Breakfast Cereal",01-06-2021
1.25,1.85,211407,"Margarine 500g",01-07-2021
1.98,2.2,211603,"Large Eggs per dozen",01-07-2021
.8,.8,211710,"Semi-skimmed Milk 2 pints'",01-07-2021
.95,1.5,212930,"MAYONNAISE 390-500G/420-540MLS",01-07-2021
1.15,2,211901,"TEA BAGS PKT OF 80 (230G-250G)",01-07-2021
1.2,1.6,212918,"FRZN READY-COOKD MEAL SERVES 1",01-07-2021
1.49,2.5,211210,"FROZEN FISH FINGERS 8-12 PK",01-07-2021
.55,.615,210204,"Dry Spaghetti/Pasta 500g",01-07-2021
1.6,1.7,211306,"250g Butter'",01-07-2021
.4,.65,212008,"LEMONADE-2 LITRE BOTTLE",01-07-2021
.7,.75,212608,"CANNED SWEETCORN 198-340G",01-07-2021
.79,.9,211207,"CANNED FISH, TUNA, 130G-200G",01-07-2021
.4,.45,212601,"Canned Tomatoes 400g",01-07-2021
1.7,2,212933,"ICE CREAM 450ML-1L",01-07-2021
15.5,17.575,211510,"Parmesan Cheese per kg'",01-07-2021
2.94,3.29,212939,"CHILLED PIZZA EACH 300-600G",01-07-2021
1.29,1.6,210212,"Basmati Rice 500g-1KG",01-07-2021
.85,.85,212402,"POTATO CRISPS 25G-50G",01-07-2021
1,1.5,212225,"CHOCOLATE LARGE BAR 100-200G",01-07-2021
1.9,2.89,210213,"Breakfast Cereal",01-07-2021
.45,.95,212910,"Canned Soup 400g",01-07-2021
2,2.5,213005,"HOT CHOCOLATE DRINK INSTANT",01-07-2021
.7,.8,210106,"SIX BREAD ROLLS-WHITE/BROWN",01-07-2021
2,2.65,213003,"COFFEE-INSTANT 90 -100G JAR",01-07-2021
.5,.65,211814,"YOGHURT-SMALL INDIVIDUAL",01-07-2021
.3,.85,212603,"Baked Beans 400g",01-07-2021
1.5,2,212405,"FROZEN CHIPS 900G-1.5KG'",01-07-2021
.25,.5,212021,"Bottle still water",01-07-2021
6,7.5,211511,"SOFT CONTINENTAL CHEESE - KG",01-07-2021
1.09,1.095,211709,"SHOP MILK-WHOLE MILK-4PT/2LTR'",01-07-2021
.845,1,210113,"WHOLEMEAL SLICED LOAF BRANDED",01-07-2021
.85,.9,212006,"FRUIT JUICE NOT ORANGE 1L",01-07-2021
1.1,1.15,210102,"Large White Loaf Unsliced 800g",01-07-2021
1.2,1.5,211714,"NON-DAIRY MILK DRINK 900ML-1LT",01-07-2021
2.72,3.4,211408,"OLIVE OIL - 500ML - 1 LITRE",01-07-2021
1.19,1.95,220117,"BOTTLED MINERAL WATER",01-07-2021
1.4,2.29,211409,"Peanut Butter 225-350g",01-07-2021
5,5.71,211501,"CHEDDAR-HOME PRODUCED PER KG",01-07-2021
.95,1.1,210111,"WHITE SLICED LOAF BRANDED 750G",01-07-2021
1,1.2,520209,"TOOTHPASTE",01-07-2021
.7,.8,210106,"SIX BREAD ROLLS-WHITE/BROWN",01-08-2021
1.2,1.69,212918,"FRZN READY-COOKD MEAL SERVES 1",01-08-2021
.87,.95,212006,"FRUIT JUICE NOT ORANGE 1L",01-08-2021
2,3.37,212939,"CHILLED PIZZA EACH 300-600G",01-08-2021
.95,1.1,210111,"WHITE SLICED LOAF BRANDED 750G",01-08-2021
15.5,17.5,211510,"Parmesan Cheese per kg'",01-08-2021
.25,.6,212021,"Bottle still water",01-08-2021
1,1.25,520209,"TOOTHPASTE",01-08-2021
.45,.95,212910,"Canned Soup 400g",01-08-2021
.4,.65,212008,"LEMONADE-2 LITRE BOTTLE",01-08-2021
.79,.9,211207,"CANNED FISH, TUNA, 130G-200G",01-08-2021
.8,.85,211710,"Semi-skimmed Milk 2 pints'",01-08-2021
1.29,1.7,210212,"Basmati Rice 500g-1KG",01-08-2021
1.25,2.5,211210,"FROZEN FISH FINGERS 8-12 PK",01-08-2021
2,2.5,213005,"HOT CHOCOLATE DRINK INSTANT",01-08-2021
1.19,1.95,220117,"BOTTLED MINERAL WATER",01-08-2021
1.15,2,211901,"TEA BAGS PKT OF 80 (230G-250G)",01-08-2021
.55,.6,210204,"Dry Spaghetti/Pasta 500g",01-08-2021
.49,.6,211814,"YOGHURT-SMALL INDIVIDUAL",01-08-2021
2.55,3.4,211408,"OLIVE OIL - 500ML - 1 LITRE",01-08-2021
2,3,213003,"COFFEE-INSTANT 90 -100G JAR",01-08-2021
1.1,1.15,210102,"Large White Loaf Unsliced 800g",01-08-2021
.9,1.5,212930,"MAYONNAISE 390-500G/420-540MLS",01-08-2021
1,1.5,212225,"CHOCOLATE LARGE BAR 100-200G",01-08-2021
1.98,2.25,211603,"Large Eggs per dozen",01-08-2021
1.2,1.4,211714,"NON-DAIRY MILK DRINK 900ML-1LT",01-08-2021
1.5,2.25,212405,"FROZEN CHIPS 900G-1.5KG'",01-08-2021
1.19,1.85,211407,"Margarine 500g",01-08-2021
5,5.71,211501,"CHEDDAR-HOME PRODUCED PER KG",01-08-2021
.7,.8,212608,"CANNED SWEETCORN 198-340G",01-08-2021
7.5,8.5,211511,"SOFT CONTINENTAL CHEESE - KG",01-08-2021
.4,.45,212601,"Canned Tomatoes 400g",01-08-2021
2,2.75,210213,"Breakfast Cereal",01-08-2021
1.6,1.75,211306,"250g Butter'",01-08-2021
1.09,1.15,211709,"SHOP MILK-WHOLE MILK-4PT/2LTR'",01-08-2021
1.75,2,212933,"ICE CREAM 450ML-1L",01-08-2021
.85,.85,212402,"POTATO CRISPS 25G-50G",01-08-2021
.8,1,210113,"WHOLEMEAL SLICED LOAF BRANDED",01-08-2021
.3,.85,212603,"Baked Beans 400g",01-08-2021
1.4,2,211409,"Peanut Butter 225-350g",01-08-2021
1.09,1.85,211407,"Margarine 500g",01-09-2021
1,1.5,212225,"CHOCOLATE LARGE BAR 100-200G",01-09-2021
2,2.5,213005,"HOT CHOCOLATE DRINK INSTANT",01-09-2021
.95,1.1,210111,"WHITE SLICED LOAF BRANDED 750G",01-09-2021
1.98,2.2,211603,"Large Eggs per dozen",01-09-2021
15.5,17.65,211510,"Parmesan Cheese per kg'",01-09-2021
1.1,1.15,210102,"Large White Loaf Unsliced 800g",01-09-2021
.39,.55,212008,"LEMONADE-2 LITRE BOTTLE",01-09-2021
.9,1,212006,"FRUIT JUICE NOT ORANGE 1L",01-09-2021
1.1,1.5,211714,"NON-DAIRY MILK DRINK 900ML-1LT",01-09-2021
1.09,1.15,211709,"SHOP MILK-WHOLE MILK-4PT/2LTR'",01-09-2021
1.25,2.5,211210,"FROZEN FISH FINGERS 8-12 PK",01-09-2021
1.75,2.05,212933,"ICE CREAM 450ML-1L",01-09-2021
1.15,2,211901,"TEA BAGS PKT OF 80 (230G-250G)",01-09-2021
.45,.995,212910,"Canned Soup 400g",01-09-2021
.4,.45,212601,"Canned Tomatoes 400g",01-09-2021
.89,1,210113,"WHOLEMEAL SLICED LOAF BRANDED",01-09-2021
5,5.63,211501,"CHEDDAR-HOME PRODUCED PER KG",01-09-2021
1.6,1.75,211306,"250g Butter'",01-09-2021
2.75,3.25,211408,"OLIVE OIL - 500ML - 1 LITRE",01-09-2021
.85,.85,212402,"POTATO CRISPS 25G-50G",01-09-2021
2.745,3.49,212939,"CHILLED PIZZA EACH 300-600G",01-09-2021
.7,.85,210106,"SIX BREAD ROLLS-WHITE/BROWN",01-09-2021
1.4,2.05,211409,"Peanut Butter 225-350g",01-09-2021
7.5,9.2,211511,"SOFT CONTINENTAL CHEESE - KG",01-09-2021
1.4,1.95,220117,"BOTTLED MINERAL WATER",01-09-2021
.8,.85,211710,"Semi-skimmed Milk 2 pints'",01-09-2021
.25,.47,212021,"Bottle still water",01-09-2021
.9,1.5,212930,"MAYONNAISE 390-500G/420-540MLS",01-09-2021
2,2.75,213003,"COFFEE-INSTANT 90 -100G JAR",01-09-2021
.3,.85,212603,"Baked Beans 400g",01-09-2021
1.58,2,212405,"FROZEN CHIPS 900G-1.5KG'",01-09-2021
.65,.75,212608,"CANNED SWEETCORN 198-340G",01-09-2021
.49,.65,211814,"YOGHURT-SMALL INDIVIDUAL",01-09-2021
2,2.625,210213,"Breakfast Cereal",01-09-2021
1,1.2,520209,"TOOTHPASTE",01-09-2021
.79,.9,211207,"CANNED FISH, TUNA, 130G-200G",01-09-2021
1.225,1.6,212918,"FRZN READY-COOKD MEAL SERVES 1",01-09-2021
1.29,1.6,210212,"Basmati Rice 500g-1KG",01-09-2021
.55,.6,210204,"Dry Spaghetti/Pasta 500g",01-09-2021
2.5,3,213003,"COFFEE-INSTANT 90 -100G JAR",01-10-2021
.25,.45,212021,"Bottle still water",01-10-2021
1.15,1.15,210102,"Large White Loaf Unsliced 800g",01-10-2021
1.25,1.95,220117,"BOTTLED MINERAL WATER",01-10-2021
1,1.45,212225,"CHOCOLATE LARGE BAR 100-200G",01-10-2021
.79,.9,211207,"CANNED FISH, TUNA, 130G-200G",01-10-2021
7.06,8.5,211511,"SOFT CONTINENTAL CHEESE - KG",01-10-2021
.4,.55,212008,"LEMONADE-2 LITRE BOTTLE",01-10-2021
2,2.5,210213,"Breakfast Cereal",01-10-2021
1.99,2.2,211603,"Large Eggs per dozen",01-10-2021
1.1,1.5,212930,"MAYONNAISE 390-500G/420-540MLS",01-10-2021
1.15,2.06,211901,"TEA BAGS PKT OF 80 (230G-250G)",01-10-2021
1.59,1.7,211306,"250g Butter'",01-10-2021
.85,.85,212402,"POTATO CRISPS 25G-50G",01-10-2021
.65,.75,212608,"CANNED SWEETCORN 198-340G",01-10-2021
1.75,2.5,213005,"HOT CHOCOLATE DRINK INSTANT",01-10-2021
1.49,2.5,211210,"FROZEN FISH FINGERS 8-12 PK",01-10-2021
1,1.225,520209,"TOOTHPASTE",01-10-2021
.4,.45,212601,"Canned Tomatoes 400g",01-10-2021
.45,1,212910,"Canned Soup 400g",01-10-2021
2.75,3.4,211408,"OLIVE OIL - 500ML - 1 LITRE",01-10-2021
1.7,2,212933,"ICE CREAM 450ML-1L",01-10-2021
15.5,17.65,211510,"Parmesan Cheese per kg'",01-10-2021
1.29,1.65,210212,"Basmati Rice 500g-1KG",01-10-2021
.55,.64,210204,"Dry Spaghetti/Pasta 500g",01-10-2021
.9,1,212006,"FRUIT JUICE NOT ORANGE 1L",01-10-2021
.55,.65,211814,"YOGHURT-SMALL INDIVIDUAL",01-10-2021
1,1.5,211407,"Margarine 500g",01-10-2021
.7,.85,210106,"SIX BREAD ROLLS-WHITE/BROWN",01-10-2021
1.15,1.15,211709,"SHOP MILK-WHOLE MILK-4PT/2LTR'",01-10-2021
.33,.85,212603,"Baked Beans 400g",01-10-2021
.95,1.1,210111,"WHITE SLICED LOAF BRANDED 750G",01-10-2021
2.6,3.29,212939,"CHILLED PIZZA EACH 300-600G",01-10-2021
1.19,1.645,212918,"FRZN READY-COOKD MEAL SERVES 1",01-10-2021
.8,.85,211710,"Semi-skimmed Milk 2 pints'",01-10-2021
1.1,1.4,211714,"NON-DAIRY MILK DRINK 900ML-1LT",01-10-2021
.89,1,210113,"WHOLEMEAL SLICED LOAF BRANDED",01-10-2021
1.58,2,212405,"FROZEN CHIPS 900G-1.5KG'",01-10-2021
5,5.63,211501,"CHEDDAR-HOME PRODUCED PER KG",01-10-2021
1.4,2,211409,"Peanut Butter 225-350g",01-10-2021
1.25,1.5,211407,"Margarine 500g",01-11-2021
1.1,1.5,212930,"MAYONNAISE 390-500G/420-540MLS",01-11-2021
.95,1.1,210111,"WHITE SLICED LOAF BRANDED 750G",01-11-2021
.65,.75,212608,"CANNED SWEETCORN 198-340G",01-11-2021
2.495,2.9,213003,"COFFEE-INSTANT 90 -100G JAR",01-11-2021
1.4,2.29,211409,"Peanut Butter 225-350g",01-11-2021
.9,.99,210113,"WHOLEMEAL SLICED LOAF BRANDED",01-11-2021
1.25,1.95,220117,"BOTTLED MINERAL WATER",01-11-2021
1.35,2.5,211210,"FROZEN FISH FINGERS 8-12 PK",01-11-2021
.4,.55,212008,"LEMONADE-2 LITRE BOTTLE",01-11-2021
.7,.8,210106,"SIX BREAD ROLLS-WHITE/BROWN",01-11-2021
1.15,2,211901,"TEA BAGS PKT OF 80 (230G-250G)",01-11-2021
.8,.85,212402,"POTATO CRISPS 25G-50G",01-11-2021
.55,.65,211814,"YOGHURT-SMALL INDIVIDUAL",01-11-2021
.45,.995,212910,"Canned Soup 400g",01-11-2021
1,1.275,520209,"TOOTHPASTE",01-11-2021
.25,.45,212021,"Bottle still water",01-11-2021
1.75,2.65,212933,"ICE CREAM 450ML-1L",01-11-2021
.9,.99,212006,"FRUIT JUICE NOT ORANGE 1L",01-11-2021
1.19,1.6,212918,"FRZN READY-COOKD MEAL SERVES 1",01-11-2021
1,1.45,212225,"CHOCOLATE LARGE BAR 100-200G",01-11-2021
2,3.2,212939,"CHILLED PIZZA EACH 300-600G",01-11-2021
.85,.89,211710,"Semi-skimmed Milk 2 pints'",01-11-2021
2.75,3.4,211408,"OLIVE OIL - 500ML - 1 LITRE",01-11-2021
2,2.5,213005,"HOT CHOCOLATE DRINK INSTANT",01-11-2021
1.15,1.15,210102,"Large White Loaf Unsliced 800g",01-11-2021
5,5.63,211501,"CHEDDAR-HOME PRODUCED PER KG",01-11-2021
1.59,1.8,211306,"250g Butter'",01-11-2021
15.5,17.65,211510,"Parmesan Cheese per kg'",01-11-2021
1.99,2.275,211603,"Large Eggs per dozen",01-11-2021
6,7.5,211511,"SOFT CONTINENTAL CHEESE - KG",01-11-2021
.79,.9,211207,"CANNED FISH, TUNA, 130G-200G",01-11-2021
.4,.45,212601,"Canned Tomatoes 400g",01-11-2021
.6,.74,210204,"Dry Spaghetti/Pasta 500g",01-11-2021
1.15,1.15,211709,"SHOP MILK-WHOLE MILK-4PT/2LTR'",01-11-2021
1.35,1.6,210212,"Basmati Rice 500g-1KG",01-11-2021
1.2,1.4,211714,"NON-DAIRY MILK DRINK 900ML-1LT",01-11-2021
2,2.9,210213,"Breakfast Cereal",01-11-2021
.35,.85,212603,"Baked Beans 400g",01-11-2021
1.6,2,212405,"FROZEN CHIPS 900G-1.5KG'",01-11-2021
15.5,17.65,211510,"Parmesan Cheese per kg'",01-12-2021
5,5.595,211501,"CHEDDAR-HOME PRODUCED PER KG",01-12-2021
1.35,1.6,210212,"Basmati Rice 500g-1KG",01-12-2021
.85,.85,212402,"POTATO CRISPS 25G-50G",01-12-2021
.45,.95,212910,"Canned Soup 400g",01-12-2021
.4,.45,212601,"Canned Tomatoes 400g",01-12-2021
.9,1,212006,"FRUIT JUICE NOT ORANGE 1L",01-12-2021
1.4,2.395,211409,"Peanut Butter 225-350g",01-12-2021
1.25,2,211407,"Margarine 500g",01-12-2021
.25,.41,212021,"Bottle still water",01-12-2021
.7,.75,210204,"Dry Spaghetti/Pasta 500g",01-12-2021
1.25,1.95,220117,"BOTTLED MINERAL WATER",01-12-2021
1.19,1.6,212918,"FRZN READY-COOKD MEAL SERVES 1",01-12-2021
.79,.9,211207,"CANNED FISH, TUNA, 130G-200G",01-12-2021
2,2.75,213003,"COFFEE-INSTANT 90 -100G JAR",01-12-2021
2,3.5,212939,"CHILLED PIZZA EACH 300-600G",01-12-2021
1.49,2.5,211210,"FROZEN FISH FINGERS 8-12 PK",01-12-2021
1.5,1.5,211714,"NON-DAIRY MILK DRINK 900ML-1LT",01-12-2021
1.98,2.14,211603,"Large Eggs per dozen",01-12-2021
1.75,2,212933,"ICE CREAM 450ML-1L",01-12-2021
1.1,1.5,212930,"MAYONNAISE 390-500G/420-540MLS",01-12-2021
.9,1.1,210111,"WHITE SLICED LOAF BRANDED 750G",01-12-2021
1.5,2.29,212405,"FROZEN CHIPS 900G-1.5KG'",01-12-2021
.9,.99,210113,"WHOLEMEAL SLICED LOAF BRANDED",01-12-2021
1.15,1.15,210102,"Large White Loaf Unsliced 800g",01-12-2021
1,1.5,212225,"CHOCOLATE LARGE BAR 100-200G",01-12-2021
.7,.85,210106,"SIX BREAD ROLLS-WHITE/BROWN",01-12-2021
.89,.89,211710,"Semi-skimmed Milk 2 pints'",01-12-2021
1,1.25,520209,"TOOTHPASTE",01-12-2021
2.9,3.4,211408,"OLIVE OIL - 500ML - 1 LITRE",01-12-2021
2,2.9,210213,"Breakfast Cereal",01-12-2021
7.2,9.325,211511,"SOFT CONTINENTAL CHEESE - KG",01-12-2021
1.15,1.15,211709,"SHOP MILK-WHOLE MILK-4PT/2LTR'",01-12-2021
1.75,2.5,213005,"HOT CHOCOLATE DRINK INSTANT",01-12-2021
.5,.65,211814,"YOGHURT-SMALL INDIVIDUAL",01-12-2021
.65,.75,212608,"CANNED SWEETCORN 198-340G",01-12-2021
.35,1,212603,"Baked Beans 400g",01-12-2021
1.1,2,211901,"TEA BAGS PKT OF 80 (230G-250G)",01-12-2021
1.59,1.75,211306,"250g Butter'",01-12-2021
.4,.55,212008,"LEMONADE-2 LITRE BOTTLE",01-12-2021
2,2.75,213003,"COFFEE-INSTANT 90 -100G JAR",01-01-2022
15.92,17.65,211510,"Parmesan Cheese per kg'",01-01-2022
.45,1,212910,"Canned Soup 400g",01-01-2022
.9,.99,210113,"WHOLEMEAL SLICED LOAF BRANDED",01-01-2022
1.99,3,212933,"ICE CREAM 450ML-1L",01-01-2022
2,2.5,213005,"HOT CHOCOLATE DRINK INSTANT",01-01-2022
2.995,3.2,212939,"CHILLED PIZZA EACH 300-600G",01-01-2022
1.15,1.15,210102,"Large White Loaf Unsliced 800g",01-01-2022
.75,.85,210106,"SIX BREAD ROLLS-WHITE/BROWN",01-01-2022
7.12,8.75,211511,"SOFT CONTINENTAL CHEESE - KG",01-01-2022
5,5.71,211501,"CHEDDAR-HOME PRODUCED PER KG",01-01-2022
1.65,2.5,211210,"FROZEN FISH FINGERS 8-12 PK",01-01-2022
1.1,1.5,212930,"MAYONNAISE 390-500G/420-540MLS",01-01-2022
.55,.65,211814,"YOGHURT-SMALL INDIVIDUAL",01-01-2022
2.9,3.29,211408,"OLIVE OIL - 500ML - 1 LITRE",01-01-2022
2,2.5,210213,"Breakfast Cereal",01-01-2022
1.25,1.95,220117,"BOTTLED MINERAL WATER",01-01-2022
1,1.25,520209,"TOOTHPASTE",01-01-2022
.35,1,212603,"Baked Beans 400g",01-01-2022
1.99,2.25,211603,"Large Eggs per dozen",01-01-2022
.4,.6,212008,"LEMONADE-2 LITRE BOTTLE",01-01-2022
1.35,2.12,211407,"Margarine 500g",01-01-2022
.85,.895,212402,"POTATO CRISPS 25G-50G",01-01-2022
.95,1.1,210111,"WHITE SLICED LOAF BRANDED 750G",01-01-2022
1.15,1.2,211709,"SHOP MILK-WHOLE MILK-4PT/2LTR'",01-01-2022
.45,.45,212601,"Canned Tomatoes 400g",01-01-2022
1.4,2,211409,"Peanut Butter 225-350g",01-01-2022
.7,.75,210204,"Dry Spaghetti/Pasta 500g",01-01-2022
1.6,1.85,211306,"250g Butter'",01-01-2022
.79,.9,211207,"CANNED FISH, TUNA, 130G-200G",01-01-2022
1,1.5,212918,"FRZN READY-COOKD MEAL SERVES 1",01-01-2022
1,1.5,212225,"CHOCOLATE LARGE BAR 100-200G",01-01-2022
1.35,1.7,210212,"Basmati Rice 500g-1KG",01-01-2022
1.75,2,212405,"FROZEN CHIPS 900G-1.5KG'",01-01-2022
.65,.775,212608,"CANNED SWEETCORN 198-340G",01-01-2022
.89,.89,211710,"Semi-skimmed Milk 2 pints'",01-01-2022
.25,.38,212021,"Bottle still water",01-01-2022
1,1.5,211714,"NON-DAIRY MILK DRINK 900ML-1LT",01-01-2022
1.1,2.25,211901,"TEA BAGS PKT OF 80 (230G-250G)",01-01-2022
.9,1,212006,"FRUIT JUICE NOT ORANGE 1L",01-01-2022
1.15,1.15,210102,"Large White Loaf Unsliced 800g",01-02-2022
.65,.8,212608,"CANNED SWEETCORN 198-340G",01-02-2022
.95,1.1,210113,"WHOLEMEAL SLICED LOAF BRANDED",01-02-2022
1.125,2.275,211901,"TEA BAGS PKT OF 80 (230G-250G)",01-02-2022
5,5.71,211501,"CHEDDAR-HOME PRODUCED PER KG",01-02-2022
.9,1,212006,"FRUIT JUICE NOT ORANGE 1L",01-02-2022
1,1.2,520209,"TOOTHPASTE",01-02-2022
1,1.59,212918,"FRZN READY-COOKD MEAL SERVES 1",01-02-2022
.7,.9,210204,"Dry Spaghetti/Pasta 500g",01-02-2022
1.25,1.49,211407,"Margarine 500g",01-02-2022
1.15,1.25,211709,"SHOP MILK-WHOLE MILK-4PT/2LTR'",01-02-2022
2,2.5,213005,"HOT CHOCOLATE DRINK INSTANT",01-02-2022
.35,1,212603,"Baked Beans 400g",01-02-2022
.85,.9,212402,"POTATO CRISPS 25G-50G",01-02-2022
1.65,2.5,211210,"FROZEN FISH FINGERS 8-12 PK",01-02-2022
3,3.48,211408,"OLIVE OIL - 500ML - 1 LITRE",01-02-2022
1.99,2.65,212933,"ICE CREAM 450ML-1L",01-02-2022
.55,.7,211814,"YOGHURT-SMALL INDIVIDUAL",01-02-2022
.79,.9,211207,"CANNED FISH, TUNA, 130G-200G",01-02-2022
.45,1,212910,"Canned Soup 400g",01-02-2022
2.89,3.5,212939,"CHILLED PIZZA EACH 300-600G",01-02-2022
1.25,1.95,220117,"BOTTLED MINERAL WATER",01-02-2022
.25,.4,212021,"Bottle still water",01-02-2022
1.65,2,212405,"FROZEN CHIPS 900G-1.5KG'",01-02-2022
1.1,1.5,212930,"MAYONNAISE 390-500G/420-540MLS",01-02-2022
1,1.5,212225,"CHOCOLATE LARGE BAR 100-200G",01-02-2022
1.35,1.75,210212,"Basmati Rice 500g-1KG",01-02-2022
.45,.5,212601,"Canned Tomatoes 400g",01-02-2022
7.2,8,211511,"SOFT CONTINENTAL CHEESE - KG",01-02-2022
1.6,1.95,211306,"250g Butter'",01-02-2022
2.2,3,213003,"COFFEE-INSTANT 90 -100G JAR",01-02-2022
.75,.9,210106,"SIX BREAD ROLLS-WHITE/BROWN",01-02-2022
1.5,2.29,211409,"Peanut Butter 225-350g",01-02-2022
1.4,1.6,211714,"NON-DAIRY MILK DRINK 900ML-1LT",01-02-2022
.4,.5,212008,"LEMONADE-2 LITRE BOTTLE",01-02-2022
.99,1.1,210111,"WHITE SLICED LOAF BRANDED 750G",01-02-2022
.9,.95,211710,"Semi-skimmed Milk 2 pints'",01-02-2022
16.18,18.75,211510,"Parmesan Cheese per kg'",01-02-2022
2,2.6,210213,"Breakfast Cereal",01-02-2022
.45,.5,212601,"Canned Tomatoes 400g",01-03-2022
1.1,2.25,211901,"TEA BAGS PKT OF 80 (230G-250G)",01-03-2022
.79,.99,211207,"CANNED FISH, TUNA, 130G-200G",01-03-2022
16.18,18.75,211510,"Parmesan Cheese per kg'",01-03-2022
1.49,2.5,211210,"FROZEN FISH FINGERS 8-12 PK",01-03-2022
.75,.95,210106,"SIX BREAD ROLLS-WHITE/BROWN",01-03-2022
1,1.32,520209,"TOOTHPASTE",01-03-2022
.4,.5,212008,"LEMONADE-2 LITRE BOTTLE",01-03-2022
1.4,2,211409,"Peanut Butter 225-350g",01-03-2022
1,1.6,212225,"CHOCOLATE LARGE BAR 100-200G",01-03-2022
2.4,2.6,210213,"Breakfast Cereal",01-03-2022
2.25,3.2,212939,"CHILLED PIZZA EACH 300-600G",01-03-2022
1.15,1.2,211709,"SHOP MILK-WHOLE MILK-4PT/2LTR'",01-03-2022
.5,1,212910,"Canned Soup 400g",01-03-2022
.25,.4,212021,"Bottle still water",01-03-2022
1.75,2.5,213005,"HOT CHOCOLATE DRINK INSTANT",01-03-2022
2.995,3.45,211408,"OLIVE OIL - 500ML - 1 LITRE",01-03-2022
1.75,2.1,212405,"FROZEN CHIPS 900G-1.5KG'",01-03-2022
1.5,1.6,211714,"NON-DAIRY MILK DRINK 900ML-1LT",01-03-2022
.85,.9,212402,"POTATO CRISPS 25G-50G",01-03-2022
.95,1.1,210113,"WHOLEMEAL SLICED LOAF BRANDED",01-03-2022
1.99,2,212933,"ICE CREAM 450ML-1L",01-03-2022
1,1.1,210111,"WHITE SLICED LOAF BRANDED 750G",01-03-2022
1.25,1.95,220117,"BOTTLED MINERAL WATER",01-03-2022
.65,.75,212608,"CANNED SWEETCORN 198-340G",01-03-2022
.5,.65,211814,"YOGHURT-SMALL INDIVIDUAL",01-03-2022
1.35,1.75,210212,"Basmati Rice 500g-1KG",01-03-2022
1,1.675,212918,"FRZN READY-COOKD MEAL SERVES 1",01-03-2022
5,5.71,211501,"CHEDDAR-HOME PRODUCED PER KG",01-03-2022
.35,.9,212603,"Baked Beans 400g",01-03-2022
.95,.95,211710,"Semi-skimmed Milk 2 pints'",01-03-2022
.9,1,212006,"FRUIT JUICE NOT ORANGE 1L",01-03-2022
1,1.5,212930,"MAYONNAISE 390-500G/420-540MLS",01-03-2022
.7,.9,210204,"Dry Spaghetti/Pasta 500g",01-03-2022
7.5,8.5,211511,"SOFT CONTINENTAL CHEESE - KG",01-03-2022
1.5,2.2,211407,"Margarine 500g",01-03-2022
2,2.75,213003,"COFFEE-INSTANT 90 -100G JAR",01-03-2022
1.6,1.95,211306,"250g Butter'",01-03-2022
1.15,1.15,210102,"Large White Loaf Unsliced 800g",01-03-2022
1.075,2,212930,"MAYONNAISE 390-500G/420-540MLS",01-04-2022
1,1.1,210111,"WHITE SLICED LOAF BRANDED 750G",01-04-2022
1.8,2,212405,"FROZEN CHIPS 900G-1.5KG'",01-04-2022
1,1.75,212918,"FRZN READY-COOKD MEAL SERVES 1",01-04-2022
1.25,1.7,211407,"Margarine 500g",01-04-2022
16.25,18.82,211510,"Parmesan Cheese per kg'",01-04-2022
.25,.45,212021,"Bottle still water",01-04-2022
1.25,1.25,211709,"SHOP MILK-WHOLE MILK-4PT/2LTR'",01-04-2022
.79,.95,211207,"CANNED FISH, TUNA, 130G-200G",01-04-2022
.7,.75,210204,"Dry Spaghetti/Pasta 500g",01-04-2022
3.2,3.37,212939,"CHILLED PIZZA EACH 300-600G",01-04-2022
5.25,6.25,211501,"CHEDDAR-HOME PRODUCED PER KG",01-04-2022
.35,.9,212603,"Baked Beans 400g",01-04-2022
.95,.95,211710,"Semi-skimmed Milk 2 pints'",01-04-2022
1,1.5,212225,"CHOCOLATE LARGE BAR 100-200G",01-04-2022
.5,1,212910,"Canned Soup 400g",01-04-2022
1.99,2.5,212933,"ICE CREAM 450ML-1L",01-04-2022
7.45,8.75,211511,"SOFT CONTINENTAL CHEESE - KG",01-04-2022
.9,1,212006,"FRUIT JUICE NOT ORANGE 1L",01-04-2022
1.5,2.29,211409,"Peanut Butter 225-350g",01-04-2022
2,2.5,210213,"Breakfast Cereal",01-04-2022
.75,.95,210106,"SIX BREAD ROLLS-WHITE/BROWN",01-04-2022
.45,.5,212601,"Canned Tomatoes 400g",01-04-2022
1.1,2.2,211901,"TEA BAGS PKT OF 80 (230G-250G)",01-04-2022
.945,1.1,210113,"WHOLEMEAL SLICED LOAF BRANDED",01-04-2022
3,3.77,211408,"OLIVE OIL - 500ML - 1 LITRE",01-04-2022
1.25,2,220117,"BOTTLED MINERAL WATER",01-04-2022
1.7,1.95,211306,"250g Butter'",01-04-2022
1,1.49,520209,"TOOTHPASTE",01-04-2022
1.25,1.6,211714,"NON-DAIRY MILK DRINK 900ML-1LT",01-04-2022
.85,.9,212402,"POTATO CRISPS 25G-50G",01-04-2022
.55,.7,211814,"YOGHURT-SMALL INDIVIDUAL",01-04-2022
.65,.75,212608,"CANNED SWEETCORN 198-340G",01-04-2022
1.15,1.15,210102,"Large White Loaf Unsliced 800g",01-04-2022
1.35,1.75,210212,"Basmati Rice 500g-1KG",01-04-2022
2,2.5,213005,"HOT CHOCOLATE DRINK INSTANT",01-04-2022
.4,.6,212008,"LEMONADE-2 LITRE BOTTLE",01-04-2022
2.5,3,213003,"COFFEE-INSTANT 90 -100G JAR",01-04-2022
1.65,3,211210,"FROZEN FISH FINGERS 8-12 PK",01-04-2022
.89,1.125,210113,"WHOLEMEAL SLICED LOAF BRANDED",01-05-2022
7.2,8.5,211511,"SOFT CONTINENTAL CHEESE - KG",01-05-2022
.4,.6,212008,"LEMONADE-2 LITRE BOTTLE",01-05-2022
3,3.8,211408,"OLIVE OIL - 500ML - 1 LITRE",01-05-2022
1.1,2,212930,"MAYONNAISE 390-500G/420-540MLS",01-05-2022
1,1.5,212225,"CHOCOLATE LARGE BAR 100-200G",01-05-2022
1.85,2.425,212405,"FROZEN CHIPS 900G-1.5KG'",01-05-2022
1.1,1.2,210111,"WHITE SLICED LOAF BRANDED 750G",01-05-2022
1,1.3,520209,"TOOTHPASTE",01-05-2022
.5,1,212910,"Canned Soup 400g",01-05-2022
.55,.7,211814,"YOGHURT-SMALL INDIVIDUAL",01-05-2022
1.35,1.85,210212,"Basmati Rice 500g-1KG",01-05-2022
1.5,2.5,211210,"FROZEN FISH FINGERS 8-12 PK",01-05-2022
1.99,2.5,212933,"ICE CREAM 450ML-1L",01-05-2022
.95,.99,211710,"Semi-skimmed Milk 2 pints'",01-05-2022
1.15,1.2,210102,"Large White Loaf Unsliced 800g",01-05-2022
1.29,1.29,211709,"SHOP MILK-WHOLE MILK-4PT/2LTR'",01-05-2022
.9,1,212006,"FRUIT JUICE NOT ORANGE 1L",01-05-2022
2,2.5,213005,"HOT CHOCOLATE DRINK INSTANT",01-05-2022
1.4,2.27,211409,"Peanut Butter 225-350g",01-05-2022
.75,.9,210204,"Dry Spaghetti/Pasta 500g",01-05-2022
.79,1,211207,"CANNED FISH, TUNA, 130G-200G",01-05-2022
.35,1,212603,"Baked Beans 400g",01-05-2022
2.75,3.5,212939,"CHILLED PIZZA EACH 300-600G",01-05-2022
.25,.45,212021,"Bottle still water",01-05-2022
.8,.9,210106,"SIX BREAD ROLLS-WHITE/BROWN",01-05-2022
2.25,2.5,210213,"Breakfast Cereal",01-05-2022
.65,.8,212608,"CANNED SWEETCORN 198-340G",01-05-2022
1.25,1.5,211714,"NON-DAIRY MILK DRINK 900ML-1LT",01-05-2022
1.5,2.2,211407,"Margarine 500g",01-05-2022
1.1,1.65,212918,"FRZN READY-COOKD MEAL SERVES 1",01-05-2022
.45,.45,212601,"Canned Tomatoes 400g",01-05-2022
.85,.9,212402,"POTATO CRISPS 25G-50G",01-05-2022
5.71,6.57,211501,"CHEDDAR-HOME PRODUCED PER KG",01-05-2022
2.5,3,213003,"COFFEE-INSTANT 90 -100G JAR",01-05-2022
1.15,2.1,211901,"TEA BAGS PKT OF 80 (230G-250G)",01-05-2022
16.25,18.82,211510,"Parmesan Cheese per kg'",01-05-2022
1.25,2,220117,"BOTTLED MINERAL WATER",01-05-2022
1.75,1.95,211306,"250g Butter'",01-05-2022
1.35,1.85,210212,"Basmati Rice 500g-1KG",01-06-2022
1,1.6,212918,"FRZN READY-COOKD MEAL SERVES 1",01-06-2022
1.5,1.5,211407,"Margarine 500g",01-06-2022
1.2,1.2,210102,"Large White Loaf Unsliced 800g",01-06-2022
.79,1,211207,"CANNED FISH, TUNA, 130G-200G",01-06-2022
.35,1,212603,"Baked Beans 400g",01-06-2022
.9,1,212006,"FRUIT JUICE NOT ORANGE 1L",01-06-2022
1.99,2.5,212933,"ICE CREAM 450ML-1L",01-06-2022
1.1,1.2,210111,"WHITE SLICED LOAF BRANDED 750G",01-06-2022
1.5,2,211409,"Peanut Butter 225-350g",01-06-2022
2.5,2.6,210213,"Breakfast Cereal",01-06-2022
2,2.5,213005,"HOT CHOCOLATE DRINK INSTANT",01-06-2022
1.25,2,220117,"BOTTLED MINERAL WATER",01-06-2022
.55,.7,211814,"YOGHURT-SMALL INDIVIDUAL",01-06-2022
.85,.9,212402,"POTATO CRISPS 25G-50G",01-06-2022
1,1.05,211710,"Semi-skimmed Milk 2 pints'",01-06-2022
.45,.45,212601,"Canned Tomatoes 400g",01-06-2022
3,3.95,211408,"OLIVE OIL - 500ML - 1 LITRE",01-06-2022
.7,.8,212608,"CANNED SWEETCORN 198-340G",01-06-2022
5.71,7.14,211501,"CHEDDAR-HOME PRODUCED PER KG",01-06-2022
.8,.95,210106,"SIX BREAD ROLLS-WHITE/BROWN",01-06-2022
1,1.48,520209,"TOOTHPASTE",01-06-2022
1.35,1.35,211709,"SHOP MILK-WHOLE MILK-4PT/2LTR'",01-06-2022
1,1.6,212225,"CHOCOLATE LARGE BAR 100-200G",01-06-2022
.18,.36,212021,"Bottle still water",01-06-2022
1.1,2,212930,"MAYONNAISE 390-500G/420-540MLS",01-06-2022
2.75,3.2,212939,"CHILLED PIZZA EACH 300-600G",01-06-2022
1.15,2.25,211901,"TEA BAGS PKT OF 80 (230G-250G)",01-06-2022
2.65,3,213003,"COFFEE-INSTANT 90 -100G JAR",01-06-2022
1.25,1.6,211714,"NON-DAIRY MILK DRINK 900ML-1LT",01-06-2022
1.5,2.5,211210,"FROZEN FISH FINGERS 8-12 PK",01-06-2022
16.375,18.82,211510,"Parmesan Cheese per kg'",01-06-2022
.55,1,212910,"Canned Soup 400g",01-06-2022
1.8,2,211306,"250g Butter'",01-06-2022
7.2,8.5,211511,"SOFT CONTINENTAL CHEESE - KG",01-06-2022
.45,.55,212008,"LEMONADE-2 LITRE BOTTLE",01-06-2022
.95,1.2,210113,"WHOLEMEAL SLICED LOAF BRANDED",01-06-2022
1.9,2.5,212405,"FROZEN CHIPS 900G-1.5KG'",01-06-2022
.8,.95,210204,"Dry Spaghetti/Pasta 500g",01-06-2022
1.45,1.45,211709,"SHOP MILK-WHOLE MILK-4PT/2LTR'",01-07-2022
.8,.99,210106,"SIX BREAD ROLLS-WHITE/BROWN",01-07-2022
6,7.14,211501,"CHEDDAR-HOME PRODUCED PER KG",01-07-2022
1.05,1.15,211710,"Semi-skimmed Milk 2 pints'",01-07-2022
1.1,1.2,210111,"WHITE SLICED LOAF BRANDED 750G",01-07-2022
2.5,3,210213,"Breakfast Cereal",01-07-2022
1.9,2.25,211306,"250g Butter'",01-07-2022
16.5,19,211510,"Parmesan Cheese per kg'",01-07-2022
.85,.9,212402,"POTATO CRISPS 25G-50G",01-07-2022
.8,.95,210204,"Dry Spaghetti/Pasta 500g",01-07-2022
1.175,1.6,211714,"NON-DAIRY MILK DRINK 900ML-1LT",01-07-2022
.5,.55,212008,"LEMONADE-2 LITRE BOTTLE",01-07-2022
8.75,9.6,211511,"SOFT CONTINENTAL CHEESE - KG",01-07-2022
1.8,2.5,212933,"ICE CREAM 450ML-1L",01-07-2022
1.65,2.75,211210,"FROZEN FISH FINGERS 8-12 PK",01-07-2022
.19,.36,212021,"Bottle still water",01-07-2022
.75,.8,212608,"CANNED SWEETCORN 198-340G",01-07-2022
.45,.49,212601,"Canned Tomatoes 400g",01-07-2022
.59,.7,211814,"YOGHURT-SMALL INDIVIDUAL",01-07-2022
3.25,3.69,212939,"CHILLED PIZZA EACH 300-600G",01-07-2022
3.2,4.5,211408,"OLIVE OIL - 500ML - 1 LITRE",01-07-2022
1.875,2.5,212405,"FROZEN CHIPS 900G-1.5KG'",01-07-2022
1,1.6,212225,"CHOCOLATE LARGE BAR 100-200G",01-07-2022
.79,1,211207,"CANNED FISH, TUNA, 130G-200G",01-07-2022
1,1.48,520209,"TOOTHPASTE",01-07-2022
1,1.09,212006,"FRUIT JUICE NOT ORANGE 1L",01-07-2022
1.25,2,220117,"BOTTLED MINERAL WATER",01-07-2022
1.35,1.85,210212,"Basmati Rice 500g-1KG",01-07-2022
.95,1.2,210113,"WHOLEMEAL SLICED LOAF BRANDED",01-07-2022
1.2,1.25,210102,"Large White Loaf Unsliced 800g",01-07-2022
1.25,1.65,212918,"FRZN READY-COOKD MEAL SERVES 1",01-07-2022
1.15,2,212930,"MAYONNAISE 390-500G/420-540MLS",01-07-2022
1.65,1.97,211407,"Margarine 500g",01-07-2022
.4,.9,212603,"Baked Beans 400g",01-07-2022
1.2,2,211901,"TEA BAGS PKT OF 80 (230G-250G)",01-07-2022
2,2.5,213005,"HOT CHOCOLATE DRINK INSTANT",01-07-2022
.55,1.05,212910,"Canned Soup 400g",01-07-2022
2.65,3,213003,"COFFEE-INSTANT 90 -100G JAR",01-07-2022
1.5,2.5,211409,"Peanut Butter 225-350g",01-07-2022
.5,.55,212008,"LEMONADE-2 LITRE BOTTLE",01-08-2022
2,2.85,211210,"FROZEN FISH FINGERS 8-12 PK",01-08-2022
1.2,1.25,210102,"Large White Loaf Unsliced 800g",01-08-2022
2,2.5,212933,"ICE CREAM 450ML-1L",01-08-2022
1.2,2.275,211901,"TEA BAGS PKT OF 80 (230G-250G)",01-08-2022
1.85,2.3,211306,"250g Butter'",01-08-2022
1.2,1.25,210111,"WHITE SLICED LOAF BRANDED 750G",01-08-2022
.595,.7,211814,"YOGHURT-SMALL INDIVIDUAL",01-08-2022
.9,.9,212402,"POTATO CRISPS 25G-50G",01-08-2022
.45,.5,212601,"Canned Tomatoes 400g",01-08-2022
.75,.95,212608,"CANNED SWEETCORN 198-340G",01-08-2022
16.5,20,211510,"Parmesan Cheese per kg'",01-08-2022
1,1.6,212225,"CHOCOLATE LARGE BAR 100-200G",01-08-2022
1.15,1.15,211710,"Semi-skimmed Milk 2 pints'",01-08-2022
6.43,7.135,211501,"CHEDDAR-HOME PRODUCED PER KG",01-08-2022
1.7,2.25,212405,"FROZEN CHIPS 900G-1.5KG'",01-08-2022
3.49,4.5,211408,"OLIVE OIL - 500ML - 1 LITRE",01-08-2022
1,1.09,212006,"FRUIT JUICE NOT ORANGE 1L",01-08-2022
1.1,1.99,212930,"MAYONNAISE 390-500G/420-540MLS",01-08-2022
1.5,1.7,211409,"Peanut Butter 225-350g",01-08-2022
.55,1.4,212910,"Canned Soup 400g",01-08-2022
1.55,1.85,210212,"Basmati Rice 500g-1KG",01-08-2022
8.6,9.6,211511,"SOFT CONTINENTAL CHEESE - KG",01-08-2022
1,1.2,210113,"WHOLEMEAL SLICED LOAF BRANDED",01-08-2022
1.25,1.6,211714,"NON-DAIRY MILK DRINK 900ML-1LT",01-08-2022
3.3,3.75,212939,"CHILLED PIZZA EACH 300-600G",01-08-2022
2.4,2.8,210213,"Breakfast Cereal",01-08-2022
.4,1.2,212603,"Baked Beans 400g",01-08-2022
2.65,3,213003,"COFFEE-INSTANT 90 -100G JAR",01-08-2022
1.3,2,220117,"BOTTLED MINERAL WATER",01-08-2022
.79,1,211207,"CANNED FISH, TUNA, 130G-200G",01-08-2022
2,2.5,213005,"HOT CHOCOLATE DRINK INSTANT",01-08-2022
1.75,1.85,211407,"Margarine 500g",01-08-2022
1.45,1.45,211709,"SHOP MILK-WHOLE MILK-4PT/2LTR'",01-08-2022
1.25,1.75,212918,"FRZN READY-COOKD MEAL SERVES 1",01-08-2022
1,1.295,520209,"TOOTHPASTE",01-08-2022
.8,1,210106,"SIX BREAD ROLLS-WHITE/BROWN",01-08-2022
.27,.75,212021,"Bottle still water",01-08-2022
.85,.95,210204,"Dry Spaghetti/Pasta 500g",01-08-2022
1,1.6,212225,"CHOCOLATE LARGE BAR 100-200G",01-09-2022
6.43,7.69,211501,"CHEDDAR-HOME PRODUCED PER KG",01-09-2022
2,2.5,213005,"HOT CHOCOLATE DRINK INSTANT",01-09-2022
1.2,2.5,211901,"TEA BAGS PKT OF 80 (230G-250G)",01-09-2022
3.5,4.3,211408,"OLIVE OIL - 500ML - 1 LITRE",01-09-2022
8,10,211511,"SOFT CONTINENTAL CHEESE - KG",01-09-2022
.95,1.2,210113,"WHOLEMEAL SLICED LOAF BRANDED",01-09-2022
.79,1,211207,"CANNED FISH, TUNA, 130G-200G",01-09-2022
1.55,2,211409,"Peanut Butter 225-350g",01-09-2022
.9,.9,212402,"POTATO CRISPS 25G-50G",01-09-2022
1,1.1,212006,"FRUIT JUICE NOT ORANGE 1L",01-09-2022
1.35,1.75,212918,"FRZN READY-COOKD MEAL SERVES 1",01-09-2022
1.05,2,212930,"MAYONNAISE 390-500G/420-540MLS",01-09-2022
1.2,1.25,210111,"WHITE SLICED LOAF BRANDED 750G",01-09-2022
.8,1,210106,"SIX BREAD ROLLS-WHITE/BROWN",01-09-2022
3,4.25,212939,"CHILLED PIZZA EACH 300-600G",01-09-2022
16.72,20,211510,"Parmesan Cheese per kg'",01-09-2022
.25,.37,212021,"Bottle still water",01-09-2022
1.29,2.05,220117,"BOTTLED MINERAL WATER",01-09-2022
.5,.55,212008,"LEMONADE-2 LITRE BOTTLE",01-09-2022
1.55,1.85,210212,"Basmati Rice 500g-1KG",01-09-2022
2.65,3,213003,"COFFEE-INSTANT 90 -100G JAR",01-09-2022
1.5,1.6,211714,"NON-DAIRY MILK DRINK 900ML-1LT",01-09-2022
.4,1.2,212603,"Baked Beans 400g",01-09-2022
2.1,2.25,211306,"250g Butter'",01-09-2022
1.75,2.05,211407,"Margarine 500g",01-09-2022
1.15,1.15,211710,"Semi-skimmed Milk 2 pints'",01-09-2022
.75,.95,212608,"CANNED SWEETCORN 198-340G",01-09-2022
.6,.725,211814,"YOGHURT-SMALL INDIVIDUAL",01-09-2022
.55,1.4,212910,"Canned Soup 400g",01-09-2022
1.45,1.45,211709,"SHOP MILK-WHOLE MILK-4PT/2LTR'",01-09-2022
2,3,211210,"FROZEN FISH FINGERS 8-12 PK",01-09-2022
.85,1,210204,"Dry Spaghetti/Pasta 500g",01-09-2022
.45,.5,212601,"Canned Tomatoes 400g",01-09-2022
1.2,1.225,210102,"Large White Loaf Unsliced 800g",01-09-2022
2.4,2.6,210213,"Breakfast Cereal",01-09-2022
1.9,2.9,212405,"FROZEN CHIPS 900G-1.5KG'",01-09-2022
1,1.49,520209,"TOOTHPASTE",01-09-2022
2,3.5,212933,"ICE CREAM 450ML-1L",01-09-2022
2.4,3,210213,"Breakfast Cereal",01-10-2022
1.1,2,212930,"MAYONNAISE 390-500G/420-540MLS",01-10-2022
2.25,2.5,213005,"HOT CHOCOLATE DRINK INSTANT",01-10-2022
2.65,3,213003,"COFFEE-INSTANT 90 -100G JAR",01-10-2022
.45,.55,212601,"Canned Tomatoes 400g",01-10-2022
9.5,10.2,211511,"SOFT CONTINENTAL CHEESE - KG",01-10-2022
1.575,2,211409,"Peanut Butter 225-350g",01-10-2022
.2,.5,212021,"Bottle still water",01-10-2022
1.2,1.25,210111,"WHITE SLICED LOAF BRANDED 750G",01-10-2022
.6,.8,211814,"YOGHURT-SMALL INDIVIDUAL",01-10-2022
1,1.47,520209,"TOOTHPASTE",01-10-2022
2,2.3,211306,"250g Butter'",01-10-2022
.95,1.2,210113,"WHOLEMEAL SLICED LOAF BRANDED",01-10-2022
1.55,1.55,211709,"SHOP MILK-WHOLE MILK-4PT/2LTR'",01-10-2022
7.13,7.86,211501,"CHEDDAR-HOME PRODUCED PER KG",01-10-2022
.9,.9,212402,"POTATO CRISPS 25G-50G",01-10-2022
3.25,3.65,212939,"CHILLED PIZZA EACH 300-600G",01-10-2022
.4,1.2,212603,"Baked Beans 400g",01-10-2022
1.75,2.25,211407,"Margarine 500g",01-10-2022
1.9,2.5,212405,"FROZEN CHIPS 900G-1.5KG'",01-10-2022
.8,1,210106,"SIX BREAD ROLLS-WHITE/BROWN",01-10-2022
1.35,1.75,211714,"NON-DAIRY MILK DRINK 900ML-1LT",01-10-2022
1.59,3,211210,"FROZEN FISH FINGERS 8-12 PK",01-10-2022
.79,1.05,211207,"CANNED FISH, TUNA, 130G-200G",01-10-2022
1.1,1.6,212225,"CHOCOLATE LARGE BAR 100-200G",01-10-2022
2,3,212933,"ICE CREAM 450ML-1L",01-10-2022
.89,.9,210204,"Dry Spaghetti/Pasta 500g",01-10-2022
1,1.1,212006,"FRUIT JUICE NOT ORANGE 1L",01-10-2022
.55,1.4,212910,"Canned Soup 400g",01-10-2022
17.11,20.92,211510,"Parmesan Cheese per kg'",01-10-2022
.75,.95,212608,"CANNED SWEETCORN 198-340G",01-10-2022
1.29,2,220117,"BOTTLED MINERAL WATER",01-10-2022
.55,.6,212008,"LEMONADE-2 LITRE BOTTLE",01-10-2022
1.2,2.25,211901,"TEA BAGS PKT OF 80 (230G-250G)",01-10-2022
1.42,1.77,212918,"FRZN READY-COOKD MEAL SERVES 1",01-10-2022
1.25,1.25,211710,"Semi-skimmed Milk 2 pints'",01-10-2022
1.59,1.995,210212,"Basmati Rice 500g-1KG",01-10-2022
1.2,1.25,210102,"Large White Loaf Unsliced 800g",01-10-2022
3.59,4.5,211408,"OLIVE OIL - 500ML - 1 LITRE",01-10-2022
3.5,4.25,211408,"OLIVE OIL - 500ML - 1 LITRE",01-11-2022
1,1.49,520209,"TOOTHPASTE",01-11-2022
1.35,1.75,212918,"FRZN READY-COOKD MEAL SERVES 1",01-11-2022
1.95,2,212405,"FROZEN CHIPS 900G-1.5KG'",01-11-2022
.19,.6,212021,"Bottle still water",01-11-2022
1.65,2,211409,"Peanut Butter 225-350g",01-11-2022
.79,1.05,211207,"CANNED FISH, TUNA, 130G-200G",01-11-2022
2,3,211210,"FROZEN FISH FINGERS 8-12 PK",01-11-2022
.75,.95,212608,"CANNED SWEETCORN 198-340G",01-11-2022
7.5,8,211501,"CHEDDAR-HOME PRODUCED PER KG",01-11-2022
.65,.8,211814,"YOGHURT-SMALL INDIVIDUAL",01-11-2022
.95,.975,210204,"Dry Spaghetti/Pasta 500g",01-11-2022
1.25,1.25,211710,"Semi-skimmed Milk 2 pints'",01-11-2022
1.15,2.275,211901,"TEA BAGS PKT OF 80 (230G-250G)",01-11-2022
.5,1.2,212603,"Baked Beans 400g",01-11-2022
.55,.625,212008,"LEMONADE-2 LITRE BOTTLE",01-11-2022
1,1.45,210113,"WHOLEMEAL SLICED LOAF BRANDED",01-11-2022
2.25,2.5,213005,"HOT CHOCOLATE DRINK INSTANT",01-11-2022
2.4,3,210213,"Breakfast Cereal",01-11-2022
.45,.55,212601,"Canned Tomatoes 400g",01-11-2022
1.15,1.3,210111,"WHITE SLICED LOAF BRANDED 750G",01-11-2022
1.75,2.25,211407,"Margarine 500g",01-11-2022
1.59,2,210212,"Basmati Rice 500g-1KG",01-11-2022
2.125,2.3,211306,"250g Butter'",01-11-2022
1,1.1,212006,"FRUIT JUICE NOT ORANGE 1L",01-11-2022
1.2,2,212930,"MAYONNAISE 390-500G/420-540MLS",01-11-2022
.9,.95,212402,"POTATO CRISPS 25G-50G",01-11-2022
1.2,1.3,210102,"Large White Loaf Unsliced 800g",01-11-2022
1,1.6,212225,"CHOCOLATE LARGE BAR 100-200G",01-11-2022
8.76,12.42,211511,"SOFT CONTINENTAL CHEESE - KG",01-11-2022
1.55,1.55,211709,"SHOP MILK-WHOLE MILK-4PT/2LTR'",01-11-2022
1.35,2.1,220117,"BOTTLED MINERAL WATER",01-11-2022
17.45,20.59,211510,"Parmesan Cheese per kg'",01-11-2022
.65,1.4,212910,"Canned Soup 400g",01-11-2022
.8,1,210106,"SIX BREAD ROLLS-WHITE/BROWN",01-11-2022
1.35,1.7,211714,"NON-DAIRY MILK DRINK 900ML-1LT",01-11-2022
3.5,3.95,212939,"CHILLED PIZZA EACH 300-600G",01-11-2022
2.65,3,213003,"COFFEE-INSTANT 90 -100G JAR",01-11-2022
2.09,2.75,212933,"ICE CREAM 450ML-1L",01-11-2022
