Country Code,Name,Year,Labour_Force,Fertility_Rate,Continent
AFG,Afghanistan,1990,15.18000031,7.466,Asia
AFG,Afghanistan,1995,15.22099972,7.606,Asia
AFG,Afghanistan,2000,14.79500008,7.485,Asia
AFG,Afghanistan,2005,15.64400005,6.875,Asia
AFG,Afghanistan,2010,15.11100006,5.977,Asia
AFG,Afghanistan,2015,18.74600029,4.976,Asia
AFG,Afghanistan,2020,16.18899918,4.176,Asia
AGO,Angola,1990,75.40799713,7.272,Africa
AGO,Angola,1995,75.41600037,6.918,Africa
AGO,Angola,2000,75.53900146,6.639,Africa
AGO,Angola,2005,75.64099884,6.461,Africa
AGO,Angola,2010,75.60500336,6.194,Africa
AGO,Angola,2015,74.86399841,5.774,Africa
AGO,Angola,2020,73.61799622,5.371,Africa
ALB,Albania,1990,51.36399841,2.978,Europe
ALB,Albania,1995,52.57600021,2.591,Europe
ALB,Albania,2000,49.7820015,2.157,Europe
ALB,Albania,2005,47.06700134,1.755,Europe
ALB,Albania,2010,46.72700119,1.66,Europe
ALB,Albania,2015,46.89799881,1.677,Europe
ALB,Albania,2020,49.7859993,1.58,Europe
ARE,United Arab Emirates,1990,29.08300018,4.454,Asia
ARE,United Arab Emirates,1995,31.27899933,3.418,Asia
ARE,United Arab Emirates,2000,34.24399948,2.644,Asia
ARE,United Arab Emirates,2005,37.17599869,2.161,Asia
ARE,United Arab Emirates,2010,41.97600174,1.819,Asia
ARE,United Arab Emirates,2015,49.0719986,1.541,Asia
ARE,United Arab Emirates,2020,45.70299911,1.369,Asia
ARG,Argentina,1990,45.04100037,2.997,South America
ARG,Argentina,1995,48.9659996,2.773,South America
ARG,Argentina,2000,50.50899887,2.542,South America
ARG,Argentina,2005,49.27999878,2.416,South America
ARG,Argentina,2010,47.875,2.346,South America
ARG,Argentina,2015,47.67900085,2.301,South America
ARG,Argentina,2020,46.64199829,2.233,South America
ARM,Armenia,1990,44.83300018,2.544,Asia
ARM,Armenia,1995,45.0530014,2.056,Asia
ARM,Armenia,2000,45.16899872,1.648,Asia
ARM,Armenia,2005,45.13000107,1.675,Asia
ARM,Armenia,2010,46.93399811,1.722,Asia
ARM,Armenia,2015,48.77799988,1.738,Asia
ARM,Armenia,2020,41.96099854,1.76,Asia
AUS,Australia,1990,52.2179985,1.902,Oceania
AUS,Australia,1995,53.57600021,1.822,Oceania
AUS,Australia,2000,54.4659996,1.756,Oceania
AUS,Australia,2005,56.92699814,1.807,Oceania
AUS,Australia,2010,58.56499863,1.928,Oceania
AUS,Australia,2015,59.07699966,1.814,Oceania
AUS,Australia,2020,60.17300034,1.581,Oceania
AUT,Austria,1990,43.00600052,1.46,Europe
AUT,Austria,1995,49.38600159,1.42,Europe
AUT,Austria,2000,49.3730011,1.36,Europe
AUT,Austria,2005,51.29700089,1.41,Europe
AUT,Austria,2010,54.15100098,1.44,Europe
AUT,Austria,2015,55.35900116,1.49,Europe
AUT,Austria,2020,55.62099838,1.44,Europe
AZE,Azerbaijan,1990,67.53900146,2.74,Asia
AZE,Azerbaijan,1995,75.43000031,2.29,Asia
AZE,Azerbaijan,2000,72.55599976,2,Asia
AZE,Azerbaijan,2005,64.1269989,2,Asia
AZE,Azerbaijan,2010,61.96699905,1.92,Asia
AZE,Azerbaijan,2015,62.52399826,1.94,Asia
AZE,Azerbaijan,2020,59.1609993,1.7,Asia
BDI,Burundi,1990,90.55500031,7.405,Africa
BDI,Burundi,1995,87.93099976,7.185,Africa
BDI,Burundi,2000,85.40699768,6.92,Africa
BDI,Burundi,2005,83.59799957,6.593,Africa
BDI,Burundi,2010,81.61100006,6.179,Africa
BDI,Burundi,2015,79.8690033,5.697,Africa
BDI,Burundi,2020,79.14299774,5.237,Africa
BEL,Belgium,1990,36.50400162,1.62,Europe
BEL,Belgium,1995,40.5359993,1.56,Europe
BEL,Belgium,2000,43.63100052,1.67,Europe
BEL,Belgium,2005,45.67200089,1.76,Europe
BEL,Belgium,2010,47.70100021,1.86,Europe
BEL,Belgium,2015,48.00600052,1.7,Europe
BEL,Belgium,2020,49.33300018,1.55,Europe
BEN,Benin,1990,57.18500137,6.744,Africa
BEN,Benin,1995,59.35699844,6.364,Africa
BEN,Benin,2000,63.49300003,5.962,Africa
BEN,Benin,2005,66.71199799,5.632,Africa
BEN,Benin,2010,69.10700226,5.362,Africa
BEN,Benin,2015,69.75700378,5.047,Africa
BEN,Benin,2020,69.29599762,4.7,Africa
BFA,Burkina Faso,1990,79.44999695,7.007,Africa
BFA,Burkina Faso,1995,75.17099762,6.844,Africa
BFA,Burkina Faso,2000,69.06600189,6.592,Africa
BFA,Burkina Faso,2005,62.13600159,6.265,Africa
BFA,Burkina Faso,2010,58.97499847,5.867,Africa
BFA,Burkina Faso,2015,57.69599915,5.436,Africa
BFA,Burkina Faso,2020,57.26699829,5.029,Africa
BGD,Bangladesh,1990,26.63699913,4.495,Asia
BGD,Bangladesh,1995,27.34900093,3.713,Asia
BGD,Bangladesh,2000,28.34499931,3.169,Asia
BGD,Bangladesh,2005,28.87599945,2.691,Asia
BGD,Bangladesh,2010,30.47400093,2.324,Asia
BGD,Bangladesh,2015,32.50299835,2.12,Asia
BGD,Bangladesh,2020,34.54499817,1.987,Asia
BGR,Bulgaria,1990,53.17200089,1.82,Europe
BGR,Bulgaria,1995,50.3769989,1.23,Europe
BGR,Bulgaria,2000,44.61199951,1.26,Europe
BGR,Bulgaria,2005,44.37799835,1.37,Europe
BGR,Bulgaria,2010,47.75799942,1.57,Europe
BGR,Bulgaria,2015,48.55500031,1.53,Europe
BGR,Bulgaria,2020,49.18299866,1.56,Europe
BHR,Bahrain,1990,29.64500046,3.732,Asia
BHR,Bahrain,1995,31.68499947,3.147,Asia
BHR,Bahrain,2000,35.11100006,2.795,Asia
BHR,Bahrain,2005,38.89599991,2.436,Asia
BHR,Bahrain,2010,43.6230011,2.164,Asia
BHR,Bahrain,2015,43.57500076,2.056,Asia
BHR,Bahrain,2020,42.05500031,1.942,Asia
BHS,"Bahamas, The",1990,64.44100189,2.64,North America
BHS,"Bahamas, The",1995,69.51100159,2.515,North America
BHS,"Bahamas, The",2000,71.01999664,2.073,North America
BHS,"Bahamas, The",2005,70.62999725,1.863,North America
BHS,"Bahamas, The",2010,69.38700104,1.865,North America
BHS,"Bahamas, The",2015,69.86000061,1.782,North America
BHS,"Bahamas, The",2020,63.23199844,1.733,North America
BIH,Bosnia and Herzegovina,1990,33.84700012,1.772,Europe
BIH,Bosnia and Herzegovina,1995,34.02299881,1.706,Europe
BIH,Bosnia and Herzegovina,2000,32.31800079,1.497,Europe
BIH,Bosnia and Herzegovina,2005,30.85899925,1.288,Europe
BIH,Bosnia and Herzegovina,2010,32.99900055,1.315,Europe
BIH,Bosnia and Herzegovina,2015,33.45899963,1.296,Europe
BIH,Bosnia and Herzegovina,2020,32.66600037,1.243,Europe
BLR,Belarus,1990,52.02999878,1.913,Europe
BLR,Belarus,1995,54.60800171,1.406,Europe
BLR,Belarus,2000,53.21099854,1.317,Europe
BLR,Belarus,2005,54.96500015,1.252,Europe
BLR,Belarus,2010,56.71300125,1.494,Europe
BLR,Belarus,2015,58.42900085,1.724,Europe
BLR,Belarus,2020,57.72800064,1.382,Europe
BLZ,Belize,1990,32.53099823,4.508,North America
BLZ,Belize,1995,35.67300034,4.109,North America
BLZ,Belize,2000,39.80500031,3.601,North America
BLZ,Belize,2005,42.36700058,3.077,North America
BLZ,Belize,2010,45.00299835,2.69,North America
BLZ,Belize,2015,48.36199951,2.439,North America
BLZ,Belize,2020,45.85900116,2.246,North America
BOL,Bolivia,1990,56.83800125,4.89,South America
BOL,Bolivia,1995,58.59400177,4.466,South America
BOL,Bolivia,2000,59.15000153,4.051,South America
BOL,Bolivia,2005,62.72000122,3.621,South America
BOL,Bolivia,2010,62.25999832,3.213,South America
BOL,Bolivia,2015,54.63800049,2.886,South America
BOL,Bolivia,2020,54.71900177,2.651,South America
BRA,Brazil,1990,41.38399887,2.902,South America
BRA,Brazil,1995,46.45800018,2.588,South America
BRA,Brazil,2000,49.47900009,2.3,South America
BRA,Brazil,2005,54.61800003,1.976,South America
BRA,Brazil,2010,52.93099976,1.796,South America
BRA,Brazil,2015,51.74300003,1.753,South America
BRA,Brazil,2020,47.70999908,1.706,South America
BRB,Barbados,1990,60.04299927,1.74,North America
BRB,Barbados,1995,62.62900162,1.727,North America
BRB,Barbados,2000,62.68199921,1.775,North America
BRB,Barbados,2005,64.47899628,1.788,North America
BRB,Barbados,2010,61.92200089,1.687,North America
BRB,Barbados,2015,60.81999969,1.614,North America
BRB,Barbados,2020,55.56200027,1.628,North America
BRN,Brunei Darussalam,1990,46.13299942,3.29,Asia
BRN,Brunei Darussalam,1995,50.40000153,2.785,Asia
BRN,Brunei Darussalam,2000,55.51100159,2.346,Asia
BRN,Brunei Darussalam,2005,56.37599945,2.022,Asia
BRN,Brunei Darussalam,2010,56.39099884,1.937,Asia
BRN,Brunei Darussalam,2015,56.27000046,1.947,Asia
BRN,Brunei Darussalam,2020,54.35699844,1.796,Asia
BTN,Bhutan,1990,58.69100189,5.493,Asia
BTN,Bhutan,1995,58.19800186,4.5,Asia
BTN,Bhutan,2000,60.9109993,3.515,Asia
BTN,Bhutan,2005,64.55699921,2.788,Asia
BTN,Bhutan,2010,63.41500092,2.301,Asia
BTN,Bhutan,2015,55.10599899,2.037,Asia
BTN,Bhutan,2020,50.90200043,1.931,Asia
BWA,Botswana,1990,46.18899918,4.485,Africa
BWA,Botswana,1995,46.83000183,3.774,Africa
BWA,Botswana,2000,48.4620018,3.304,Africa
BWA,Botswana,2005,51.74100113,3.091,Africa
BWA,Botswana,2010,52.68500137,3.022,Africa
BWA,Botswana,2015,54.86700058,2.968,Africa
BWA,Botswana,2020,56.42300034,2.796,Africa
CAF,Central African Republic,1990,64.05200195,5.811,Africa
CAF,Central African Republic,1995,64.12799835,5.618,Africa
CAF,Central African Republic,2000,64.17199707,5.5,Africa
CAF,Central African Republic,2005,64.08399963,5.383,Africa
CAF,Central African Republic,2010,63.92399979,5.215,Africa
CAF,Central African Republic,2015,63.6269989,4.941,Africa
CAF,Central African Republic,2020,62.91600037,4.568,Africa
CAN,Canada,1990,58.49200058,1.83,North America
CAN,Canada,1995,57.47200012,1.67,North America
CAN,Canada,2000,59.39699936,1.51,North America
CAN,Canada,2005,61.65800095,1.57,North America
CAN,Canada,2010,62.40200043,1.64,North America
CAN,Canada,2015,61.21900177,1.6,North America
CAN,Canada,2020,59.51499939,1.4,North America
CHE,Switzerland,1990,56.98099899,1.58,Europe
CHE,Switzerland,1995,55.85300064,1.48,Europe
CHE,Switzerland,2000,57.63700104,1.5,Europe
CHE,Switzerland,2005,59.34000015,1.42,Europe
CHE,Switzerland,2010,59.98600006,1.52,Europe
CHE,Switzerland,2015,62.27899933,1.54,Europe
CHE,Switzerland,2020,62.50400162,1.46,Europe
CHI,Channel Islands,1990,45.5340004,1.483,#N/A
CHI,Channel Islands,1995,45.54100037,1.567,#N/A
CHI,Channel Islands,2000,47.40200043,1.526,#N/A
CHI,Channel Islands,2005,50.94800186,1.509,#N/A
CHI,Channel Islands,2010,51.39099884,1.585,#N/A
CHI,Channel Islands,2015,51.21099854,1.541,#N/A
CHI,Channel Islands,2020,51.77600098,1.512,#N/A
CHL,Chile,1990,31.63699913,2.579,South America
CHL,Chile,1995,36.14300156,2.372,South America
CHL,Chile,2000,37.8769989,2.055,South America
CHL,Chile,2005,40.28099823,1.909,South America
CHL,Chile,2010,45.55799866,1.884,South America
CHL,Chile,2015,48.4620018,1.75,South America
CHL,Chile,2020,44.57300186,1.611,South America
CHN,China,1990,73.02200317,2.309,Asia
CHN,China,1995,71.78800201,1.66,Asia
CHN,China,2000,70.52200317,1.596,Asia
CHN,China,2005,67.16999817,1.612,Asia
CHN,China,2010,63.62599945,1.627,Asia
CHN,China,2015,63.56499863,1.665,Asia
CHN,China,2020,61.81800079,1.7,Asia
CIV,Cote d'Ivoire,1990,47.16899872,6.622,Africa
CIV,Cote d'Ivoire,1995,47.63600159,6.225,Africa
CIV,Cote d'Ivoire,2000,47.54399872,5.87,Africa
CIV,Cote d'Ivoire,2005,47.04199982,5.46,Africa
CIV,Cote d'Ivoire,2010,46.61700058,5.088,Africa
CIV,Cote d'Ivoire,2015,46.27999878,4.813,Africa
CIV,Cote d'Ivoire,2020,45.90100098,4.536,Africa
CMR,Cameroon,1990,78.95999908,6.436,Africa
CMR,Cameroon,1995,79.0019989,5.978,Africa
CMR,Cameroon,2000,79.2519989,5.58,Africa
CMR,Cameroon,2005,79.45300293,5.35,Africa
CMR,Cameroon,2010,70.47699738,5.111,Africa
CMR,Cameroon,2015,70.57800293,4.777,Africa
CMR,Cameroon,2020,70.09799957,4.443,Africa
COD,"Congo, Dem. Rep.",1990,71.48699951,6.746,Africa
COD,"Congo, Dem. Rep.",1995,71.36299896,6.779,Africa
COD,"Congo, Dem. Rep.",2000,71.32099915,6.751,Africa
COD,"Congo, Dem. Rep.",2005,71.22599792,6.69,Africa
COD,"Congo, Dem. Rep.",2010,65.07499695,6.544,Africa
COD,"Congo, Dem. Rep.",2015,62.44800186,6.203,Africa
COD,"Congo, Dem. Rep.",2020,60.86999893,5.718,Africa
COG,"Congo, Rep.",1990,65.86000061,5.119,Africa
COG,"Congo, Rep.",1995,66.36499786,4.93,Africa
COG,"Congo, Rep.",2000,66.72200012,4.871,Africa
COG,"Congo, Rep.",2005,66.83200073,4.829,Africa
COG,"Congo, Rep.",2010,66.90799713,4.765,Africa
COG,"Congo, Rep.",2015,66.70400238,4.587,Africa
COG,"Congo, Rep.",2020,64.16200256,4.321,Africa
COL,Colombia,1990,51.19800186,3.082,South America
COL,Colombia,1995,53.60200119,2.862,South America
COL,Colombia,2000,53.49300003,2.572,South America
COL,Colombia,2005,51.34000015,2.263,South America
COL,Colombia,2010,55.39300156,1.992,South America
COL,Colombia,2015,58.18799973,1.863,South America
COL,Colombia,2020,50.26699829,1.771,South America
COM,Comoros,1990,31.22299957,6.412,Africa
COM,Comoros,1995,31.36800003,5.835,Africa
COM,Comoros,2000,31.86599922,5.384,Africa
COM,Comoros,2005,32.36800003,5.042,Africa
COM,Comoros,2010,32.49100113,4.754,Africa
COM,Comoros,2015,32.69599915,4.419,Africa
COM,Comoros,2020,31.91399956,4.073,Africa
CPV,Cabo Verde,1990,41.17699814,5.392,Africa
CPV,Cabo Verde,1995,42.56200027,4.505,Africa
CPV,Cabo Verde,2000,44.15499878,3.539,Africa
CPV,Cabo Verde,2005,45.56600189,2.933,Africa
CPV,Cabo Verde,2010,47.38700104,2.581,Africa
CPV,Cabo Verde,2015,50.34199905,2.385,Africa
CPV,Cabo Verde,2020,45.35499954,2.213,Africa
CRI,Costa Rica,1990,32.75600052,3.264,North America
CRI,Costa Rica,1995,35.4070015,2.85,North America
CRI,Costa Rica,2000,38.42699814,2.363,North America
CRI,Costa Rica,2005,44.57600021,2.016,North America
CRI,Costa Rica,2010,43.94100189,1.885,North America
CRI,Costa Rica,2015,47.65999985,1.806,North America
CRI,Costa Rica,2020,46.50099945,1.721,North America
CUB,Cuba,1990,37.98099899,1.714,North America
CUB,Cuba,1995,34.7820015,1.58,North America
CUB,Cuba,2000,36.83200073,1.603,North America
CUB,Cuba,2005,39.29600143,1.573,North America
CUB,Cuba,2010,41.90499878,1.647,North America
CUB,Cuba,2015,42.34700012,1.674,North America
CUB,Cuba,2020,39.71099854,1.59,North America
CYP,Cyprus,1990,41.9090004,2.411,Asia
CYP,Cyprus,1995,45.1269989,2.124,Asia
CYP,Cyprus,2000,48.68000031,1.716,Asia
CYP,Cyprus,2005,52.89099884,1.52,Asia
CYP,Cyprus,2010,57.58499908,1.424,Asia
CYP,Cyprus,2015,57.50899887,1.354,Asia
CYP,Cyprus,2020,56.41400146,1.313,Asia
CZE,Czechia,1990,52.37599945,1.9,Europe
CZE,Czechia,1995,52.33200073,1.28,Europe
CZE,Czechia,2000,51.50299835,1.15,Europe
CZE,Czechia,2005,50.66899872,1.29,Europe
CZE,Czechia,2010,49.3219986,1.51,Europe
CZE,Czechia,2015,51.24700165,1.57,Europe
CZE,Czechia,2020,51.82300186,1.71,Europe
DEU,Germany,1990,45.35200119,1.45,Europe
DEU,Germany,1995,47.69800186,1.25,Europe
DEU,Germany,2000,48.8730011,1.38,Europe
DEU,Germany,2005,51.1230011,1.34,Europe
DEU,Germany,2010,53.04100037,1.39,Europe
DEU,Germany,2015,54.71900177,1.5,Europe
DEU,Germany,2020,56.83800125,1.53,Europe
DJI,Djibouti,1990,14.22299957,6.073,Africa
DJI,Djibouti,1995,14.59399986,5.352,Africa
DJI,Djibouti,2000,15.07499981,4.484,Africa
DJI,Djibouti,2005,15.80700016,3.867,Africa
DJI,Djibouti,2010,16.85000038,3.3,Africa
DJI,Djibouti,2015,17.43300056,2.912,Africa
DJI,Djibouti,2020,17.1420002,2.627,Africa
DNK,Denmark,1990,61.43700027,1.67,Europe
DNK,Denmark,1995,57.45899963,1.8,Europe
DNK,Denmark,2000,60.21699905,1.77,Europe
DNK,Denmark,2005,60.38700104,1.8,Europe
DNK,Denmark,2010,58.84500122,1.87,Europe
DNK,Denmark,2015,56.72999954,1.71,Europe
DNK,Denmark,2020,57.7519989,1.67,Europe
DOM,Dominican Republic,1990,35.11299896,3.411,North America
DOM,Dominican Republic,1995,37.11500168,3.101,North America
DOM,Dominican Republic,2000,39.68899918,2.839,North America
DOM,Dominican Republic,2005,39.67599869,2.653,North America
DOM,Dominican Republic,2010,41.59400177,2.503,North America
DOM,Dominican Republic,2015,48.09600067,2.405,North America
DOM,Dominican Republic,2020,47.34899902,2.299,North America
DZA,Algeria,1990,10.92300034,4.726,Africa
DZA,Algeria,1995,11.64700031,3.448,Africa
DZA,Algeria,2000,12.39999962,2.514,Africa
DZA,Algeria,2005,13.22099972,2.496,Africa
DZA,Algeria,2010,14.17800045,2.86,Africa
DZA,Algeria,2015,16.29999924,3.043,Africa
DZA,Algeria,2020,15.44499969,2.942,Africa
ECU,Ecuador,1990,47.06100082,3.744,South America
ECU,Ecuador,1995,47.99900055,3.403,South America
ECU,Ecuador,2000,50.62099838,3.102,South America
ECU,Ecuador,2005,51.86100006,2.8,South America
ECU,Ecuador,2010,47.96900177,2.615,South America
ECU,Ecuador,2015,51.88100052,2.499,South America
ECU,Ecuador,2020,48.29299927,2.38,South America
EGY,"Egypt, Arab Rep.",1990,22.27300072,4.58,Africa
EGY,"Egypt, Arab Rep.",1995,21.86300087,3.844,Africa
EGY,"Egypt, Arab Rep.",2000,20.5340004,3.34,Africa
EGY,"Egypt, Arab Rep.",2005,20.54899979,3.019,Africa
EGY,"Egypt, Arab Rep.",2010,23.2329998,3.233,Africa
EGY,"Egypt, Arab Rep.",2015,22.84799957,3.436,Africa
EGY,"Egypt, Arab Rep.",2020,15.42300034,3.236,Africa
ESP,Spain,1990,32.47100067,1.36,Europe
ESP,Spain,1995,36.77700043,1.16,Europe
ESP,Spain,2000,40.66799927,1.22,Europe
ESP,Spain,2005,46.50099945,1.33,Europe
ESP,Spain,2010,52.1609993,1.37,Europe
ESP,Spain,2015,53.13399887,1.33,Europe
ESP,Spain,2020,51.61299896,1.23,Europe
EST,Estonia,1990,66.64399719,2.05,Europe
EST,Estonia,1995,57.91600037,1.38,Europe
EST,Estonia,2000,52.63800049,1.36,Europe
EST,Estonia,2005,53.59500122,1.52,Europe
EST,Estonia,2010,55.08599854,1.72,Europe
EST,Estonia,2015,55.91400146,1.58,Europe
EST,Estonia,2020,57.55899811,1.58,Europe
ETH,Ethiopia,1990,66.59400177,7.246,Africa
ETH,Ethiopia,1995,67.35399628,6.991,Africa
ETH,Ethiopia,2000,71.10500336,6.543,Africa
ETH,Ethiopia,2005,74.58799744,5.812,Africa
ETH,Ethiopia,2010,74.39299774,5.136,Africa
ETH,Ethiopia,2015,74.46800232,4.565,Africa
ETH,Ethiopia,2020,71.02899933,4.049,Africa
FIN,Finland,1990,58.98099899,1.78,Europe
FIN,Finland,1995,56.24900055,1.81,Europe
FIN,Finland,2000,56.18799973,1.73,Europe
FIN,Finland,2005,56.74900055,1.8,Europe
FIN,Finland,2010,56.00799942,1.87,Europe
FIN,Finland,2015,55.59500122,1.65,Europe
FIN,Finland,2020,55.25,1.37,Europe
FJI,Fiji,1990,39.5,3.398,Oceania
FJI,Fiji,1995,39.4090004,3.276,Oceania
FJI,Fiji,2000,37.74700165,3.09,Oceania
FJI,Fiji,2005,34.83399963,2.846,Oceania
FJI,Fiji,2010,43.73899841,2.752,Oceania
FJI,Fiji,2015,39.80099869,2.8,Oceania
FJI,Fiji,2020,37.95700073,2.729,Oceania
FRA,France,1990,46.62200165,1.77,Europe
FRA,France,1995,48.16600037,1.74,Europe
FRA,France,2000,49.06600189,1.89,Europe
FRA,France,2005,50.45600128,1.94,Europe
FRA,France,2010,51.45500183,2.03,Europe
FRA,France,2015,51.5870018,1.96,Europe
FRA,France,2020,50.62200165,1.83,Europe
GAB,Gabon,1990,38.37400055,5.442,Africa
GAB,Gabon,1995,38.23099899,5.016,Africa
GAB,Gabon,2000,38.43999863,4.533,Africa
GAB,Gabon,2005,38.9620018,4.251,Africa
GAB,Gabon,2010,39.56800079,4.146,Africa
GAB,Gabon,2015,39.95500183,4.064,Africa
GAB,Gabon,2020,39.00099945,3.869,Africa
GBR,United Kingdom,1990,52.49700165,1.83,Europe
GBR,United Kingdom,1995,52.56200027,1.71,Europe
GBR,United Kingdom,2000,54.19300079,1.64,Europe
GBR,United Kingdom,2005,55.38999939,1.76,Europe
GBR,United Kingdom,2010,56.05599976,1.92,Europe
GBR,United Kingdom,2015,57.1969986,1.8,Europe
GBR,United Kingdom,2020,58.60300064,1.56,Europe
GEO,Georgia,1990,57.20299911,2.18,Asia
GEO,Georgia,1995,59.86100006,1.879,Asia
GEO,Georgia,2000,55.00099945,1.608,Asia
GEO,Georgia,2005,55.84700012,1.664,Asia
GEO,Georgia,2010,55.67699814,1.911,Asia
GEO,Georgia,2015,58.88800049,2.05,Asia
GEO,Georgia,2020,50.73300171,2.046,Asia
GHA,Ghana,1990,76.42199707,5.602,Africa
GHA,Ghana,1995,74.78600311,5.168,Africa
GHA,Ghana,2000,72.58999634,4.826,Africa
GHA,Ghana,2005,70.16500092,4.49,Africa
GHA,Ghana,2010,67.62400055,4.273,Africa
GHA,Ghana,2015,64.98100281,4.041,Africa
GHA,Ghana,2020,64.65699768,3.765,Africa
GIN,Guinea,1990,63.42699814,6.598,Africa
GIN,Guinea,1995,63.0909996,6.391,Africa
GIN,Guinea,2000,62.9109993,6.082,Africa
GIN,Guinea,2005,62.78699875,5.729,Africa
GIN,Guinea,2010,63.00699997,5.336,Africa
GIN,Guinea,2015,63.4090004,4.933,Africa
GIN,Guinea,2020,61.48699951,4.552,Africa
GRC,Greece,1990,35.14300156,1.39,Europe
GRC,Greece,1995,35.09700012,1.28,Europe
GRC,Greece,2000,40.23600006,1.25,Europe
GRC,Greece,2005,42.02000046,1.34,Europe
GRC,Greece,2010,44.01399994,1.48,Europe
GRC,Greece,2015,44.67300034,1.33,Europe
GRC,Greece,2020,43.44100189,1.34,Europe
GTM,Guatemala,1990,39.63999939,5.437,North America
GTM,Guatemala,1995,40.64599991,5.087,North America
GTM,Guatemala,2000,41.77099991,4.598,North America
GTM,Guatemala,2005,42.15399933,3.971,North America
GTM,Guatemala,2010,40.70399857,3.375,North America
GTM,Guatemala,2015,38.70999908,3.029,North America
GTM,Guatemala,2020,36.27399826,2.777,North America
GUM,Guam,1990,59.50099945,3.013,Oceania
GUM,Guam,1995,59.78900146,2.872,Oceania
GUM,Guam,2000,60.09500122,2.824,Oceania
GUM,Guam,2005,54.84899902,2.636,Oceania
GUM,Guam,2010,56.49700165,2.488,Oceania
GUM,Guam,2015,56.37900162,2.383,Oceania
GUM,Guam,2020,53.54299927,2.275,Oceania
GUY,Guyana,1990,37.09600067,3.069,South America
GUY,Guyana,1995,38.15000153,3.074,South America
GUY,Guyana,2000,35.21099854,3.017,South America
GUY,Guyana,2005,35.49700165,2.84,South America
GUY,Guyana,2010,38.06499863,2.655,South America
GUY,Guyana,2015,40.54999924,2.534,South America
GUY,Guyana,2020,39.68899918,2.418,South America
HKG,"Hong Kong SAR, China",1990,46.6269989,1.272,Asia
HKG,"Hong Kong SAR, China",1995,47.5359993,1.295,Asia
HKG,"Hong Kong SAR, China",2000,48.97999954,1.032,Asia
HKG,"Hong Kong SAR, China",2005,51.91500092,0.959,Asia
HKG,"Hong Kong SAR, China",2010,51.90800095,1.127,Asia
HKG,"Hong Kong SAR, China",2015,54.72100067,1.196,Asia
HKG,"Hong Kong SAR, China",2020,54.1629982,0.868,Asia
HND,Honduras,1990,44.45199966,5.123,North America
HND,Honduras,1995,45.13700104,4.756,North America
HND,Honduras,2000,43.70100021,4.237,North America
HND,Honduras,2005,41.64899826,3.545,North America
HND,Honduras,2010,42.86000061,2.957,North America
HND,Honduras,2015,46.71500015,2.581,North America
HND,Honduras,2020,41.34000015,2.394,North America
HRV,Croatia,1990,45.74000168,1.63,Europe
HRV,Croatia,1995,45.03699875,1.58,Europe
HRV,Croatia,2000,43.90499878,1.39,Europe
HRV,Croatia,2005,42.54499817,1.5,Europe
HRV,Croatia,2010,46.14599991,1.46,Europe
HRV,Croatia,2015,46.90200043,1.41,Europe
HRV,Croatia,2020,44.70299911,1.48,Europe
HTI,Haiti,1990,56.82300186,5.43,North America
HTI,Haiti,1995,57.20500183,4.884,North America
HTI,Haiti,2000,56.94499969,4.344,North America
HTI,Haiti,2005,58.49599838,3.836,North America
HTI,Haiti,2010,60.67699814,3.427,North America
HTI,Haiti,2015,62.20199966,3.098,North America
HTI,Haiti,2020,60.17300034,2.842,North America
HUN,Hungary,1990,46.52500153,1.87,Europe
HUN,Hungary,1995,40.61199951,1.57,Europe
HUN,Hungary,2000,41.67900085,1.32,Europe
HUN,Hungary,2005,43.0530014,1.31,Europe
HUN,Hungary,2010,43.76100159,1.25,Europe
HUN,Hungary,2015,47.36999893,1.45,Europe
HUN,Hungary,2020,48.54499817,1.56,Europe
IDN,Indonesia,1990,50.37099838,3.122,Asia
IDN,Indonesia,1995,50.62099838,2.688,Asia
IDN,Indonesia,2000,51.63100052,2.512,Asia
IDN,Indonesia,2005,46.0340004,2.514,Asia
IDN,Indonesia,2010,50.92300034,2.483,Asia
IDN,Indonesia,2015,50.73500061,2.389,Asia
IDN,Indonesia,2020,53.17599869,2.266,Asia
IND,India,1990,30.44300079,4.045,Asia
IND,India,1995,30.65600014,3.651,Asia
IND,India,2000,30.47699928,3.311,Asia
IND,India,2005,31.95499992,2.972,Asia
IND,India,2010,25.96500015,2.581,Asia
IND,India,2015,21.77499962,2.295,Asia
IND,India,2020,18.60300064,2.184,Asia
IRL,Ireland,1990,38.39899826,2.11,Europe
IRL,Ireland,1995,42.10599899,1.84,Europe
IRL,Ireland,2000,50.08100128,1.89,Europe
IRL,Ireland,2005,54.54800034,1.86,Europe
IRL,Ireland,2010,55.24300003,2.05,Europe
IRL,Ireland,2015,54.85200119,1.85,Europe
IRL,Ireland,2020,55.08800125,1.63,Europe
IRN,"Iran, Islamic Rep.",1990,10,4.691,Asia
IRN,"Iran, Islamic Rep.",1995,10.47099972,2.941,Asia
IRN,"Iran, Islamic Rep.",2000,13.78999996,2.067,Asia
IRN,"Iran, Islamic Rep.",2005,18.64500046,1.825,Asia
IRN,"Iran, Islamic Rep.",2010,15.23900032,1.839,Asia
IRN,"Iran, Islamic Rep.",2015,14.28299999,2.041,Asia
IRN,"Iran, Islamic Rep.",2020,13.83500004,2.142,Asia
IRQ,Iraq,1990,8.281999588,5.882,Asia
IRQ,Iraq,1995,8.550999641,5.419,Asia
IRQ,Iraq,2000,9.574000359,4.94,Asia
IRQ,Iraq,2005,11.30900002,4.534,Asia
IRQ,Iraq,2010,11.86600018,4.343,Asia
IRQ,Iraq,2015,14.01200008,3.972,Asia
IRQ,Iraq,2020,11.06599998,3.537,Asia
ISL,Iceland,1990,67.73300171,2.3,Europe
ISL,Iceland,1995,71.28399658,2.08,Europe
ISL,Iceland,2000,73.74299622,2.08,Europe
ISL,Iceland,2005,70.8769989,2.05,Europe
ISL,Iceland,2010,70.62799835,2.2,Europe
ISL,Iceland,2015,73.09899902,1.8,Europe
ISL,Iceland,2020,68.05699921,1.72,Europe
ISR,Israel,1990,46.22000122,2.824,Asia
ISR,Israel,1995,51.65999985,2.9,Asia
ISR,Israel,2000,53.48600006,2.95,Asia
ISR,Israel,2005,55.29199982,2.84,Asia
ISR,Israel,2010,57.48199844,3.03,Asia
ISR,Israel,2015,59.11299896,3.09,Asia
ISR,Israel,2020,58.19599915,2.9,Asia
ITA,Italy,1990,34.97000122,1.33,Europe
ITA,Italy,1995,33.51699829,1.19,Europe
ITA,Italy,2000,35.69900131,1.26,Europe
ITA,Italy,2005,38.05099869,1.34,Europe
ITA,Italy,2010,38.19100189,1.46,Europe
ITA,Italy,2015,39.7859993,1.35,Europe
ITA,Italy,2020,39.84000015,1.24,Europe
JAM,Jamaica,1990,62.34999847,2.947,North America
JAM,Jamaica,1995,59.34799957,2.768,North America
JAM,Jamaica,2000,54.89799881,2.577,North America
JAM,Jamaica,2005,55.86399841,2.361,North America
JAM,Jamaica,2010,54.69599915,2.173,North America
JAM,Jamaica,2015,56.25099945,2.026,North America
JAM,Jamaica,2020,54.93000031,1.95,North America
JOR,Jordan,1990,13.86499977,5.521,Asia
JOR,Jordan,1995,15.06000042,4.63,Asia
JOR,Jordan,2000,15.48400021,4.109,Asia
JOR,Jordan,2005,15.81499958,3.907,Asia
JOR,Jordan,2010,16.09300041,3.631,Asia
JOR,Jordan,2015,16.64699936,3.071,Asia
JOR,Jordan,2020,13.33199978,2.639,Asia
JPN,Japan,1990,50.07600021,1.54,Asia
JPN,Japan,1995,49.94499969,1.422,Asia
JPN,Japan,2000,49.21099854,1.359,Asia
JPN,Japan,2005,48.29999924,1.26,Asia
JPN,Japan,2010,48.34199905,1.39,Asia
JPN,Japan,2015,49.56900024,1.45,Asia
JPN,Japan,2020,53.18199921,1.34,Asia
KAZ,Kazakhstan,1990,64.74199677,2.72,Asia
KAZ,Kazakhstan,1995,66.51399994,2.26,Asia
KAZ,Kazakhstan,2000,65.71099854,1.8,Asia
KAZ,Kazakhstan,2005,64.55599976,2.22,Asia
KAZ,Kazakhstan,2010,65.38300323,2.59,Asia
KAZ,Kazakhstan,2015,65.37599945,2.74,Asia
KAZ,Kazakhstan,2020,63.6230011,3.13,Asia
KEN,Kenya,1990,69.44799805,6.066,Africa
KEN,Kenya,1995,70.07800293,5.459,Africa
KEN,Kenya,2000,70.48500061,5.178,Africa
KEN,Kenya,2005,70.78299713,4.843,Africa
KEN,Kenya,2010,71.08300018,4.369,Africa
KEN,Kenya,2015,71.37999725,3.765,Africa
KEN,Kenya,2020,70.84500122,3.365,Africa
KGZ,Kyrgyz Republic,1990,50.16199875,3.63,Asia
KGZ,Kyrgyz Republic,1995,58.36000061,3.1,Asia
KGZ,Kyrgyz Republic,2000,55.71900177,2.4,Asia
KGZ,Kyrgyz Republic,2005,53.83800125,2.5,Asia
KGZ,Kyrgyz Republic,2010,52.38199997,3.1,Asia
KGZ,Kyrgyz Republic,2015,49.91400146,3.2,Asia
KGZ,Kyrgyz Republic,2020,41.56399918,3,Asia
KHM,Cambodia,1990,76.70300293,5.601,Asia
KHM,Cambodia,1995,78.14800262,4.685,Asia
KHM,Cambodia,2000,76.47899628,3.805,Asia
KHM,Cambodia,2005,75.21199799,3.227,Asia
KHM,Cambodia,2010,81.27300262,2.875,Asia
KHM,Cambodia,2015,73.41600037,2.593,Asia
KHM,Cambodia,2020,73.80599976,2.453,Asia
KOR,"Korea, Rep.",1990,46.72100067,1.57,Asia
KOR,"Korea, Rep.",1995,48.15599823,1.634,Asia
KOR,"Korea, Rep.",2000,49.18299866,1.48,Asia
KOR,"Korea, Rep.",2005,50.63000107,1.085,Asia
KOR,"Korea, Rep.",2010,49.89500046,1.226,Asia
KOR,"Korea, Rep.",2015,52.29600143,1.239,Asia
KOR,"Korea, Rep.",2020,53.0719986,0.837,Asia
KWT,Kuwait,1990,43.8370018,2.967,Asia
KWT,Kuwait,1995,44.00500107,2.72,Asia
KWT,Kuwait,2000,46.04199982,2.845,Asia
KWT,Kuwait,2005,46.23699951,2.494,Asia
KWT,Kuwait,2010,48.50999832,2.234,Asia
KWT,Kuwait,2015,50.14199829,2.083,Asia
KWT,Kuwait,2020,45.96300125,2.068,Asia
LBN,Lebanon,1990,19.07699966,3.372,Asia
LBN,Lebanon,1995,19.91900063,2.936,Asia
LBN,Lebanon,2000,20.20700073,2.405,Asia
LBN,Lebanon,2005,20.04400063,2.002,Asia
LBN,Lebanon,2010,20.91300011,1.966,Asia
LBN,Lebanon,2015,21.13199997,2.103,Asia
LBN,Lebanon,2020,20.62400055,2.06,Asia
LBR,Liberia,1990,71.23999786,6.499,Africa
LBR,Liberia,1995,71.54100037,6.158,Africa
LBR,Liberia,2000,71.73200226,5.866,Africa
LBR,Liberia,2005,71.67700195,5.429,Africa
LBR,Liberia,2010,71.6289978,4.971,Africa
LBR,Liberia,2015,71.84799957,4.54,Africa
LBR,Liberia,2020,68.78199768,4.183,Africa
LBY,Libya,1990,28.97299957,4.966,Africa
LBY,Libya,1995,30.52300072,3.636,Africa
LBY,Libya,2000,31.96999931,2.851,Africa
LBY,Libya,2005,33.3370018,2.53,Africa
LBY,Libya,2010,33.89500046,2.478,Africa
LBY,Libya,2015,33.8730011,2.356,Africa
LBY,Libya,2020,33.79100037,2.175,Africa
LCA,St. Lucia,1990,48.24200058,3.399,North America
LCA,St. Lucia,1995,50.37799835,2.892,North America
LCA,St. Lucia,2000,52.99599838,2.202,North America
LCA,St. Lucia,2005,56.85200119,1.675,North America
LCA,St. Lucia,2010,60.93000031,1.538,North America
LCA,St. Lucia,2015,64.03199768,1.473,North America
LCA,St. Lucia,2020,62.76900101,1.411,North America
LKA,Sri Lanka,1990,45.12799835,2.483,Asia
LKA,Sri Lanka,1995,35.5359993,2.291,Asia
LKA,Sri Lanka,2000,36.2859993,2.24,Asia
LKA,Sri Lanka,2005,35.10499954,2.276,Asia
LKA,Sri Lanka,2010,33.95000076,2.248,Asia
LKA,Sri Lanka,2015,35.40299988,2.213,Asia
LKA,Sri Lanka,2020,30.77799988,2.174,Asia
LSO,Lesotho,1990,67.12000275,4.721,Africa
LSO,Lesotho,1995,66.93299866,4.189,Africa
LSO,Lesotho,2000,66.82299805,3.792,Africa
LSO,Lesotho,2005,63.26200104,3.502,Africa
LSO,Lesotho,2010,59.51599884,3.302,Africa
LSO,Lesotho,2015,57.36000061,3.218,Africa
LSO,Lesotho,2020,55.55400085,3.07,Africa
LTU,Lithuania,1990,52.75600052,2.03,Europe
LTU,Lithuania,1995,54.24200058,1.55,Europe
LTU,Lithuania,2000,54.97499847,1.39,Europe
LTU,Lithuania,2005,50.76699829,1.29,Europe
LTU,Lithuania,2010,52.54600143,1.5,Europe
LTU,Lithuania,2015,54.44400024,1.7,Europe
LTU,Lithuania,2020,57.39799881,1.48,Europe
LUX,Luxembourg,1990,33.55099869,1.6,Europe
LUX,Luxembourg,1995,35.94100189,1.7,Europe
LUX,Luxembourg,2000,41.36299896,1.76,Europe
LUX,Luxembourg,2005,46.39799881,1.63,Europe
LUX,Luxembourg,2010,49.78699875,1.63,Europe
LUX,Luxembourg,2015,54.56299973,1.47,Europe
LUX,Luxembourg,2020,56.99499893,1.37,Europe
LVA,Latvia,1990,49.74399948,2.02,Europe
LVA,Latvia,1995,51.7120018,1.25,Europe
LVA,Latvia,2000,49.03099823,1.25,Europe
LVA,Latvia,2005,50.65499878,1.39,Europe
LVA,Latvia,2010,53.88899994,1.36,Europe
LVA,Latvia,2015,54.11100006,1.7,Europe
LVA,Latvia,2020,56.0320015,1.55,Europe
MAC,"Macao SAR, China",1990,45.51900101,1.722,Asia
MAC,"Macao SAR, China",1995,51.53699875,1.236,Asia
MAC,"Macao SAR, China",2000,56.70600128,0.95,Asia
MAC,"Macao SAR, China",2005,56.88600159,0.879,Asia
MAC,"Macao SAR, China",2010,66.00700378,1.093,Asia
MAC,"Macao SAR, China",2015,68.23100281,1.203,Asia
MAC,"Macao SAR, China",2020,65.83899689,1.244,Asia
MAR,Morocco,1990,23.04199982,4.047,Africa
MAR,Morocco,1995,23.92200089,3.298,Africa
MAR,Morocco,2000,25.29700089,2.771,Africa
MAR,Morocco,2005,25.81100082,2.571,Africa
MAR,Morocco,2010,25.89900017,2.567,Africa
MAR,Morocco,2015,24.66600037,2.524,Africa
MAR,Morocco,2020,21.74699974,2.353,Africa
MDA,Moldova,1990,53.22600174,2.414,Europe
MDA,Moldova,1995,55.13000107,1.901,Europe
MDA,Moldova,2000,56.27600098,1.435,Europe
MDA,Moldova,2005,47.49700165,1.219,Europe
MDA,Moldova,2010,38.60699844,1.275,Europe
MDA,Moldova,2015,41.15800095,1.261,Europe
MDA,Moldova,2020,36.10699844,1.278,Europe
MDG,Madagascar,1990,84.41400146,6.179,Africa
MDG,Madagascar,1995,84.48300171,5.979,Africa
MDG,Madagascar,2000,84.48699951,5.551,Africa
MDG,Madagascar,2005,84.55799866,5.047,Africa
MDG,Madagascar,2010,84.08499908,4.603,Africa
MDG,Madagascar,2015,83.59899902,4.241,Africa
MDG,Madagascar,2020,80.91000366,3.976,Africa
MDV,Maldives,1990,20.18000031,6.003,Asia
MDV,Maldives,1995,28.23999977,4.237,Asia
MDV,Maldives,2000,37.55699921,2.771,Asia
MDV,Maldives,2005,36.97900009,2.279,Asia
MDV,Maldives,2010,36.92300034,2.206,Asia
MDV,Maldives,2015,38.29899979,1.991,Asia
MDV,Maldives,2020,33.85200119,1.815,Asia
MEX,Mexico,1990,33.30199814,3.47,North America
MEX,Mexico,1995,37.59899902,3.018,North America
MEX,Mexico,2000,38.63899994,2.716,North America
MEX,Mexico,2005,40.56499863,2.495,North America
MEX,Mexico,2010,42.33200073,2.34,North America
MEX,Mexico,2015,43.20000076,2.215,North America
MEX,Mexico,2020,40.80400085,2.079,North America
MKD,North Macedonia,1990,45.47299957,2.206,Europe
MKD,North Macedonia,1995,43.53300095,1.977,Europe
MKD,North Macedonia,2000,41.62200165,1.723,Europe
MKD,North Macedonia,2005,43.42900085,1.5,Europe
MKD,North Macedonia,2010,42.93600082,1.6,Europe
MKD,North Macedonia,2015,43.47200012,1.49,Europe
MKD,North Macedonia,2020,41.81700134,1.3,Europe
MLI,Mali,1990,60.85499954,7.165,Africa
MLI,Mali,1995,60.83800125,7.058,Africa
MLI,Mali,2000,60.81299973,6.897,Africa
MLI,Mali,2005,60.68099976,6.794,Africa
MLI,Mali,2010,60.47600174,6.547,Africa
MLI,Mali,2015,61.40100098,6.145,Africa
MLI,Mali,2020,57.61500168,5.693,Africa
MLT,Malta,1990,26.31100082,2.02,Europe
MLT,Malta,1995,27.61300087,1.77,Europe
MLT,Malta,2000,29.6970005,1.68,Europe
MLT,Malta,2005,30.32699966,1.38,Europe
MLT,Malta,2010,34.83599854,1.36,Europe
MLT,Malta,2015,43.61100006,1.37,Europe
MLT,Malta,2020,53.22299957,1.13,Europe
MMR,Myanmar,1990,64.55000305,3.447,Asia
MMR,Myanmar,1995,62.42100143,3.042,Asia
MMR,Myanmar,2000,59.45199966,2.878,Asia
MMR,Myanmar,2005,55.37200165,2.657,Asia
MMR,Myanmar,2010,52.61600113,2.359,Asia
MMR,Myanmar,2015,51.24700165,2.198,Asia
MMR,Myanmar,2020,43.06200027,2.121,Asia
MNE,Montenegro,1990,42.94499969,2.078,Europe
MNE,Montenegro,1995,42.99100113,1.977,Europe
MNE,Montenegro,2000,42.8429985,1.875,Europe
MNE,Montenegro,2005,42.52500153,1.69,Europe
MNE,Montenegro,2010,42.1590004,1.7,Europe
MNE,Montenegro,2015,47.64500046,1.74,Europe
MNE,Montenegro,2020,46.41400146,1.75,Europe
MNG,Mongolia,1990,56.04299927,4.052,Asia
MNG,Mongolia,1995,56.68700027,2.738,Asia
MNG,Mongolia,2000,56.31100082,2.141,Asia
MNG,Mongolia,2005,55.77700043,2.177,Asia
MNG,Mongolia,2010,54.18099976,2.637,Asia
MNG,Mongolia,2015,53.90399933,2.918,Asia
MNG,Mongolia,2020,51.52199936,2.834,Asia
MOZ,Mozambique,1990,86.44999695,6.211,Africa
MOZ,Mozambique,1995,87.00499725,5.965,Africa
MOZ,Mozambique,2000,87.38400269,5.826,Africa
MOZ,Mozambique,2005,86.47899628,5.688,Africa
MOZ,Mozambique,2010,82.66600037,5.392,Africa
MOZ,Mozambique,2015,78.13200378,5.062,Africa
MOZ,Mozambique,2020,77.64299774,4.713,Africa
MRT,Mauritania,1990,29.39999962,5.881,Africa
MRT,Mauritania,1995,29.5909996,5.612,Africa
MRT,Mauritania,2000,29.75900078,5.413,Africa
MRT,Mauritania,2005,28.94799995,5.184,Africa
MRT,Mauritania,2010,28.23500061,4.98,Africa
MRT,Mauritania,2015,27.85099983,4.738,Africa
MRT,Mauritania,2020,27.41600037,4.449,Africa
MUS,Mauritius,1990,38.38700104,2.32,Africa
MUS,Mauritius,1995,38.77299881,2.14,Africa
MUS,Mauritius,2000,38.53099823,1.99,Africa
MUS,Mauritius,2005,41.02999878,1.88,Africa
MUS,Mauritius,2010,42.75899887,1.57,Africa
MUS,Mauritius,2015,45.36399841,1.36,Africa
MUS,Mauritius,2020,43.13700104,1.44,Africa
MWI,Malawi,1990,75.71399689,6.872,Africa
MWI,Malawi,1995,75.65000153,6.309,Africa
MWI,Malawi,2000,75.06800079,6.098,Africa
MWI,Malawi,2005,74.13200378,5.914,Africa
MWI,Malawi,2010,73.21700287,5.332,Africa
MWI,Malawi,2015,72.84700012,4.527,Africa
MWI,Malawi,2020,70.80999756,4.055,Africa
MYS,Malaysia,1990,45.44300079,3.554,Asia
MYS,Malaysia,1995,45.31600189,3.313,Asia
MYS,Malaysia,2000,45.4109993,2.784,Asia
MYS,Malaysia,2005,43.9109993,2.293,Asia
MYS,Malaysia,2010,43.49499893,2.149,Asia
MYS,Malaysia,2015,50.46699905,2.056,Asia
MYS,Malaysia,2020,51.47399902,1.965,Asia
NAM,Namibia,1990,47.77600098,5.219,Africa
NAM,Namibia,1995,47.66500092,4.574,Africa
NAM,Namibia,2000,47.30799866,3.88,Africa
NAM,Namibia,2005,49.72100067,3.552,Africa
NAM,Namibia,2010,52.13499832,3.631,Africa
NAM,Namibia,2015,56.37400055,3.54,Africa
NAM,Namibia,2020,54.31800079,3.293,Africa
NCL,New Caledonia,1990,60.95999908,3.18,Oceania
NCL,New Caledonia,1995,61.05400085,2.59,Oceania
NCL,New Caledonia,2000,60.72800064,2.59,Oceania
NCL,New Caledonia,2005,61.0530014,2.2,Oceania
NCL,New Caledonia,2010,60.85400009,2.2,Oceania
NCL,New Caledonia,2015,58.86999893,2.06,Oceania
NCL,New Caledonia,2020,57.23799896,1.923,Oceania
NER,Niger,1990,69.50299835,7.772,Africa
NER,Niger,1995,69.44400024,7.725,Africa
NER,Niger,2000,69.29799652,7.679,Africa
NER,Niger,2005,69.05699921,7.612,Africa
NER,Niger,2010,68.84999847,7.473,Africa
NER,Niger,2015,62.33000183,7.169,Africa
NER,Niger,2020,61.73799896,6.735,Africa
NGA,Nigeria,1990,56.39099884,6.49,Africa
NGA,Nigeria,1995,56.71300125,6.262,Africa
NGA,Nigeria,2000,56.99300003,6.106,Africa
NGA,Nigeria,2005,56.95600128,5.985,Africa
NGA,Nigeria,2010,56.7840004,5.839,Africa
NGA,Nigeria,2015,50.77000046,5.592,Africa
NGA,Nigeria,2020,47.5929985,5.248,Africa
NIC,Nicaragua,1990,39.20000076,4.596,North America
NIC,Nicaragua,1995,33.28300095,3.775,North America
NIC,Nicaragua,2000,35.83200073,3.111,North America
NIC,Nicaragua,2005,40.0929985,2.767,North America
NIC,Nicaragua,2010,44.45000076,2.601,North America
NIC,Nicaragua,2015,48.35699844,2.48,North America
NIC,Nicaragua,2020,46.43000031,2.349,North America
NLD,Netherlands,1990,43.89500046,1.62,Europe
NLD,Netherlands,1995,48.33000183,1.53,Europe
NLD,Netherlands,2000,54.16600037,1.72,Europe
NLD,Netherlands,2005,55.62900162,1.71,Europe
NLD,Netherlands,2010,58.69800186,1.79,Europe
NLD,Netherlands,2015,58.78699875,1.66,Europe
NLD,Netherlands,2020,59.87400055,1.55,Europe
NOR,Norway,1990,55.09899902,1.93,Europe
NOR,Norway,1995,57.17100143,1.87,Europe
NOR,Norway,2000,61.22999954,1.85,Europe
NOR,Norway,2005,60.71099854,1.84,Europe
NOR,Norway,2010,61.77899933,1.95,Europe
NOR,Norway,2015,62.29000092,1.72,Europe
NOR,Norway,2020,62.04100037,1.48,Europe
NPL,Nepal,1990,81.25800323,5.172,Asia
NPL,Nepal,1995,81.77100372,4.731,Asia
NPL,Nepal,2000,81.55400085,3.955,Asia
NPL,Nepal,2005,80.22399902,3.118,Asia
NPL,Nepal,2010,79.66400146,2.542,Asia
NPL,Nepal,2015,81.57299805,2.098,Asia
NPL,Nepal,2020,75.69799805,1.845,Asia
NZL,New Zealand,1990,53.94100189,2.18,Oceania
NZL,New Zealand,1995,55.81200027,1.99,Oceania
NZL,New Zealand,2000,57.41500092,1.98,Oceania
NZL,New Zealand,2005,60.7840004,1.97,Oceania
NZL,New Zealand,2010,61.56499863,2.17,Oceania
NZL,New Zealand,2015,63.41600037,1.99,Oceania
NZL,New Zealand,2020,65.25099945,1.61,Oceania
OMN,Oman,1990,21.78100014,7.165,Asia
OMN,Oman,1995,22.09799957,5.346,Asia
OMN,Oman,2000,23.49900055,3.716,Asia
OMN,Oman,2005,25.72599983,2.951,Asia
OMN,Oman,2010,27.75699997,2.873,Asia
OMN,Oman,2015,29.47599983,2.939,Asia
OMN,Oman,2020,27.68000031,2.783,Asia
PAK,Pakistan,1990,11.22599983,6.164,Asia
PAK,Pakistan,1995,12.55200005,5.694,Asia
PAK,Pakistan,2000,16.12299919,5.037,Asia
PAK,Pakistan,2005,18.32799911,4.416,Asia
PAK,Pakistan,2010,22.00399971,3.951,Asia
PAK,Pakistan,2015,23.93600082,3.66,Asia
PAK,Pakistan,2020,20.60899925,3.394,Asia
PAN,Panama,1990,37.2480011,3.057,North America
PAN,Panama,1995,42.39199829,2.852,North America
PAN,Panama,2000,43.94400024,2.744,North America
PAN,Panama,2005,47.04100037,2.651,North America
PAN,Panama,2010,45.52199936,2.622,North America
PAN,Panama,2015,49.25299835,2.54,North America
PAN,Panama,2020,46.7140007,2.415,North America
PER,Peru,1990,43.65800095,3.912,South America
PER,Peru,1995,49.19900131,3.315,South America
PER,Peru,2000,53.61700058,2.845,South America
PER,Peru,2005,66.53500366,2.695,South America
PER,Peru,2010,72.5510025,2.546,South America
PER,Peru,2015,67.72200012,2.323,South America
PER,Peru,2020,56.91999817,2.212,South America
PHL,Philippines,1990,47.22600174,4.32,Asia
PHL,Philippines,1995,47.29899979,4.005,Asia
PHL,Philippines,2000,47.09700012,3.811,Asia
PHL,Philippines,2005,47.36700058,3.504,Asia
PHL,Philippines,2010,47.96900177,3.18,Asia
PHL,Philippines,2015,48.59000015,2.805,Asia
PHL,Philippines,2020,42.61999893,2.49,Asia
PNG,Papua New Guinea,1990,72.41200256,4.802,Oceania
PNG,Papua New Guinea,1995,70.61799622,4.668,Oceania
PNG,Papua New Guinea,2000,71.36599731,4.525,Oceania
PNG,Papua New Guinea,2005,60.11199951,4.263,Oceania
PNG,Papua New Guinea,2010,47.68399811,3.985,Oceania
PNG,Papua New Guinea,2015,46.99700165,3.707,Oceania
PNG,Papua New Guinea,2020,46.42499924,3.477,Oceania
POL,Poland,1990,53.11100006,2.06,Europe
POL,Poland,1995,51.13299942,1.62,Europe
POL,Poland,2000,50.08100128,1.37,Europe
POL,Poland,2005,47.65599823,1.24,Europe
POL,Poland,2010,47.60100174,1.41,Europe
POL,Poland,2015,48.41500092,1.32,Europe
POL,Poland,2020,47.86700058,1.38,Europe
PRI,Puerto Rico,1990,30.70100021,2.219,North America
PRI,Puerto Rico,1995,33.45199966,2.086,North America
PRI,Puerto Rico,2000,34.79000092,2.0485,North America
PRI,Puerto Rico,2005,34.11899948,1.7702,North America
PRI,Puerto Rico,2010,33.63499832,1.6235,North America
PRI,Puerto Rico,2015,32.74100113,1.3365,North America
PRI,Puerto Rico,2020,30.5359993,0.9,North America
PRK,"Korea, Dem. People's Rep.",1990,76.59600067,2.289,Asia
PRK,"Korea, Dem. People's Rep.",1995,77.88999939,2.122,Asia
PRK,"Korea, Dem. People's Rep.",2000,78.34700012,1.991,Asia
PRK,"Korea, Dem. People's Rep.",2005,77.95600128,1.975,Asia
PRK,"Korea, Dem. People's Rep.",2010,78.10600281,1.938,Asia
PRK,"Korea, Dem. People's Rep.",2015,78.0719986,1.922,Asia
PRK,"Korea, Dem. People's Rep.",2020,77.50099945,1.887,Asia
PRT,Portugal,1990,47.43999863,1.56,Europe
PRT,Portugal,1995,49.42599869,1.41,Europe
PRT,Portugal,2000,52.72600174,1.55,Europe
PRT,Portugal,2005,55.25299835,1.41,Europe
PRT,Portugal,2010,55.86399841,1.39,Europe
PRT,Portugal,2015,53.75899887,1.31,Europe
PRT,Portugal,2020,53.60300064,1.4,Europe
PRY,Paraguay,1990,51.04700089,4.547,South America
PRY,Paraguay,1995,52.71300125,4.108,South America
PRY,Paraguay,2000,52.0019989,3.553,South America
PRY,Paraguay,2005,55.53699875,3.04,South America
PRY,Paraguay,2010,52.87799835,2.73,South America
PRY,Paraguay,2015,54.6609993,2.508,South America
PRY,Paraguay,2020,56.93000031,2.383,South America
PSE,West Bank and Gaza,1990,11.99800014,6.718,Asia
PSE,West Bank and Gaza,1995,12.09899998,6.251,Asia
PSE,West Bank and Gaza,2000,12.34399986,5.383,Asia
PSE,West Bank and Gaza,2005,12.62800026,4.776,Asia
PSE,West Bank and Gaza,2010,13.8380003,4.437,Asia
PSE,West Bank and Gaza,2015,17.71299934,3.955,Asia
PSE,West Bank and Gaza,2020,16.15800095,3.489,Asia
PSS,Pacific island small states,1990,49.32979787,4.360237044,#N/A
PSS,Pacific island small states,1995,50.55815951,4.106357676,#N/A
PSS,Pacific island small states,2000,50.54377805,3.861957269,#N/A
PSS,Pacific island small states,2005,49.81251951,3.662719966,#N/A
PSS,Pacific island small states,2010,54.64077963,3.571277436,#N/A
PSS,Pacific island small states,2015,53.74106456,3.5672095,#N/A
PSS,Pacific island small states,2020,53.18686773,3.453555599,#N/A
PYF,French Polynesia,1990,48.28900146,3.401,Oceania
PYF,French Polynesia,1995,48.26499939,2.841,Oceania
PYF,French Polynesia,2000,47.83599854,2.463,Oceania
PYF,French Polynesia,2005,47.36700058,2.254,Oceania
PYF,French Polynesia,2010,48.34400177,2.095,Oceania
PYF,French Polynesia,2015,49.19300079,1.99,Oceania
PYF,French Polynesia,2020,47.09600067,1.913,Oceania
QAT,Qatar,1990,45.23400116,4.013,Asia
QAT,Qatar,1995,46.25799942,3.588,Asia
QAT,Qatar,2000,44.60800171,3.236,Asia
QAT,Qatar,2005,46.7519989,2.569,Asia
QAT,Qatar,2010,51.0890007,2.07,Asia
QAT,Qatar,2015,58.20500183,1.929,Asia
QAT,Qatar,2020,57.34700012,1.827,Asia
ROU,Romania,1990,61.98199844,1.83,Europe
ROU,Romania,1995,60.44599915,1.33,Europe
ROU,Romania,2000,58.18700027,1.31,Europe
ROU,Romania,2005,46.86500168,1.4,Europe
ROU,Romania,2010,46.20399857,1.59,Europe
ROU,Romania,2015,45.25600052,1.62,Europe
ROU,Romania,2020,45.38299942,1.6,Europe
RUS,Russian Federation,1990,57.79199982,1.892,Europe
RUS,Russian Federation,1995,53.57099915,1.337,Europe
RUS,Russian Federation,2000,54.55500031,1.195,Europe
RUS,Russian Federation,2005,55.14799881,1.294,Europe
RUS,Russian Federation,2010,55.88000107,1.567,Europe
RUS,Russian Federation,2015,55.49100113,1.777,Europe
RUS,Russian Federation,2020,55.13499832,1.505,Europe
RWA,Rwanda,1990,83.57299805,7.184,Africa
RWA,Rwanda,1995,85.02999878,6.172,Africa
RWA,Rwanda,2000,84.72200012,5.64,Africa
RWA,Rwanda,2005,84.36299896,5.131,Africa
RWA,Rwanda,2010,84.00800323,4.52,Africa
RWA,Rwanda,2015,83.76799774,4.157,Africa
RWA,Rwanda,2020,82.29100037,3.926,Africa
SAU,Saudi Arabia,1990,14.96399975,5.911,Asia
SAU,Saudi Arabia,1995,15.4289999,4.98,Asia
SAU,Saudi Arabia,2000,15.78999996,3.971,Asia
SAU,Saudi Arabia,2005,17.54199982,3.417,Asia
SAU,Saudi Arabia,2010,18.43600082,2.97,Asia
SAU,Saudi Arabia,2015,21.17499924,2.507,Asia
SAU,Saudi Arabia,2020,31.95700073,2.238,Asia
SDN,Sudan,1990,23.5890007,6.152,Africa
SDN,Sudan,1995,27.88999939,5.829,Africa
SDN,Sudan,2000,28.76600075,5.471,Africa
SDN,Sudan,2005,28.75200081,5.143,Africa
SDN,Sudan,2010,28.8560009,4.876,Africa
SDN,Sudan,2015,29.1779995,4.594,Africa
SDN,Sudan,2020,28.22500038,4.289,Africa
SEN,Senegal,1990,32.1969986,6.448,Africa
SEN,Senegal,1995,32.59999847,5.945,Africa
SEN,Senegal,2000,33.1609993,5.448,Africa
SEN,Senegal,2005,33.5929985,5.149,Africa
SEN,Senegal,2010,33.95100021,5.064,Africa
SEN,Senegal,2015,34.43799973,4.841,Africa
SEN,Senegal,2020,33.25999832,4.491,Africa
SGP,Singapore,1990,46.89699936,1.83,Asia
SGP,Singapore,1995,50.04999924,1.67,Asia
SGP,Singapore,2000,52.1590004,1.6,Asia
SGP,Singapore,2005,53.54600143,1.26,Asia
SGP,Singapore,2010,58.08000183,1.15,Asia
SGP,Singapore,2015,62.56800079,1.24,Asia
SGP,Singapore,2020,59.92599869,1.1,Asia
SLB,Solomon Islands,1990,84.28500366,5.851,Oceania
SLB,Solomon Islands,1995,83.53299713,5.197,Oceania
SLB,Solomon Islands,2000,84.40699768,4.719,Oceania
SLB,Solomon Islands,2005,84.68900299,4.473,Oceania
SLB,Solomon Islands,2010,84.34200287,4.403,Oceania
SLB,Solomon Islands,2015,83.97799683,4.459,Oceania
SLB,Solomon Islands,2020,83.0510025,4.309,Oceania
SLE,Sierra Leone,1990,64.72799683,6.721,Africa
SLE,Sierra Leone,1995,64.55999756,6.608,Africa
SLE,Sierra Leone,2000,64.61299896,6.319,Africa
SLE,Sierra Leone,2005,64.9980011,5.863,Africa
SLE,Sierra Leone,2010,60.24900055,5.202,Africa
SLE,Sierra Leone,2015,56.41799927,4.561,Africa
SLE,Sierra Leone,2020,56.21099854,4.077,Africa
SLV,El Salvador,1990,38.88600159,3.964,North America
SLV,El Salvador,1995,41.17200089,3.577,North America
SLV,El Salvador,2000,43.72999954,3.022,North America
SLV,El Salvador,2005,44.3409996,2.529,North America
SLV,El Salvador,2010,45.65200043,2.265,North America
SLV,El Salvador,2015,44.79700089,2.101,North America
SLV,El Salvador,2020,42.44599915,2.002,North America
SOM,Somalia,1990,21.71199989,7.398,Africa
SOM,Somalia,1995,21.33499908,7.654,Africa
SOM,Somalia,2000,20.74699974,7.627,Africa
SOM,Somalia,2005,20.54500008,7.306,Africa
SOM,Somalia,2010,20.48800087,6.865,Africa
SOM,Somalia,2015,20.83799934,6.363,Africa
SOM,Somalia,2020,20.83300018,5.885,Africa
SSD,South Sudan,1990,71.56700134,6.761,Africa
SSD,South Sudan,1995,71.49900055,6.554,Africa
SSD,South Sudan,2000,71.38999939,6.223,Africa
SSD,South Sudan,2005,71.55799866,5.803,Africa
SSD,South Sudan,2010,71.79399872,5.376,Africa
SSD,South Sudan,2015,72.13600159,4.937,Africa
SSD,South Sudan,2020,69.22799683,4.543,Africa
SVK,Slovak Republic,1990,59.19200134,2.09,Europe
SVK,Slovak Republic,1995,51.49300003,1.52,Europe
SVK,Slovak Republic,2000,52.26800156,1.3,Europe
SVK,Slovak Republic,2005,51.31299973,1.27,Europe
SVK,Slovak Republic,2010,50.81800079,1.43,Europe
SVK,Slovak Republic,2015,51.96699905,1.4,Europe
SVK,Slovak Republic,2020,51.94100189,1.57,Europe
SVN,Slovenia,1990,51.21300125,1.46,Europe
SVN,Slovenia,1995,51.20100021,1.29,Europe
SVN,Slovenia,2000,51.4090004,1.26,Europe
SVN,Slovenia,2005,52.90200043,1.26,Europe
SVN,Slovenia,2010,53.24900055,1.57,Europe
SVN,Slovenia,2015,51.87900162,1.57,Europe
SVN,Slovenia,2020,53.2179985,1.6,Europe
SWE,Sweden,1990,63.13600159,2.13,Europe
SWE,Sweden,1995,59.09199905,1.73,Europe
SWE,Sweden,2000,58.35900116,1.54,Europe
SWE,Sweden,2005,58.82300186,1.77,Europe
SWE,Sweden,2010,58.93700027,1.98,Europe
SWE,Sweden,2015,60.68999863,1.85,Europe
SWE,Sweden,2020,60.62799835,1.66,Europe
SWZ,Eswatini,1990,43.88600159,5.106,Africa
SWZ,Eswatini,1995,44.47600174,4.434,Africa
SWZ,Eswatini,2000,45.45600128,3.915,Africa
SWZ,Eswatini,2005,46.16400146,3.663,Africa
SWZ,Eswatini,2010,46.625,3.342,Africa
SWZ,Eswatini,2015,46.8769989,3.065,Africa
SWZ,Eswatini,2020,44.88399887,2.919,Africa
SYR,Syrian Arab Republic,1990,19.06299973,5.309,Asia
SYR,Syrian Arab Republic,1995,20.47100067,4.501,Asia
SYR,Syrian Arab Republic,2000,20.8409996,4.076,Asia
SYR,Syrian Arab Republic,2005,16.37599945,3.814,Asia
SYR,Syrian Arab Republic,2010,12.96800041,3.404,Asia
SYR,Syrian Arab Republic,2015,15.81000042,2.94,Asia
SYR,Syrian Arab Republic,2020,15.43000031,2.734,Asia
TCD,Chad,1990,64.56199646,7.313,Africa
TCD,Chad,1995,63.16999817,7.425,Africa
TCD,Chad,2000,60.10499954,7.354,Africa
TCD,Chad,2005,56.94300079,7.074,Africa
TCD,Chad,2010,53.70800018,6.592,Africa
TCD,Chad,2015,50.43299866,6.049,Africa
TCD,Chad,2020,46.44300079,5.553,Africa
TGO,Togo,1990,54.04000092,6.185,Africa
TGO,Togo,1995,54.32899857,5.695,Africa
TGO,Togo,2000,55.1230011,5.419,Africa
TGO,Togo,2005,55.30599976,5.179,Africa
TGO,Togo,2010,55.29199982,4.868,Africa
TGO,Togo,2015,55.55599976,4.516,Africa
TGO,Togo,2020,55.5019989,4.199,Africa
THA,Thailand,1990,65.61399841,2.113,Asia
THA,Thailand,1995,66.08799744,1.867,Asia
THA,Thailand,2000,64.99299622,1.671,Asia
THA,Thailand,2005,66.28299713,1.568,Asia
THA,Thailand,2010,63.68899918,1.542,Asia
THA,Thailand,2015,61.11399841,1.538,Asia
THA,Thailand,2020,59.20500183,1.501,Asia
TJK,Tajikistan,1990,31.43099976,5.225,Asia
TJK,Tajikistan,1995,31.32799911,4.58,Asia
TJK,Tajikistan,2000,31.27400017,3.967,Asia
TJK,Tajikistan,2005,30.93400002,3.619,Asia
TJK,Tajikistan,2010,29.20400047,3.599,Asia
TJK,Tajikistan,2015,31.82799911,3.623,Asia
TJK,Tajikistan,2020,30.39100075,3.52,Asia
TKM,Turkmenistan,1990,40.85599899,4.344,Asia
TKM,Turkmenistan,1995,46.02799988,3.512,Asia
TKM,Turkmenistan,2000,44.49700165,2.824,Asia
TKM,Turkmenistan,2005,42.68999863,2.654,Asia
TKM,Turkmenistan,2010,39.67300034,2.833,Asia
TKM,Turkmenistan,2015,37.88399887,2.93,Asia
TKM,Turkmenistan,2020,36.83599854,2.701,Asia
TLS,Timor-Leste,1990,63.81800079,5.478,Asia
TLS,Timor-Leste,1995,62,5.684,Asia
TLS,Timor-Leste,2000,63.18999863,6.113,Asia
TLS,Timor-Leste,2005,63.32699966,5.876,Asia
TLS,Timor-Leste,2010,62.01599884,4.805,Asia
TLS,Timor-Leste,2015,61.47299957,4.219,Asia
TLS,Timor-Leste,2020,61.08300018,3.853,Asia
TON,Tonga,1990,35.7519989,4.644,Oceania
TON,Tonga,1995,44.91600037,4.447,Oceania
TON,Tonga,2000,43.17900085,4.25,Oceania
TON,Tonga,2005,41.79499817,4.144,Oceania
TON,Tonga,2010,40.31800079,3.913,Oceania
TON,Tonga,2015,38.90200043,3.678,Oceania
TON,Tonga,2020,37.4659996,3.481,Oceania
TTO,Trinidad and Tobago,1990,42.17399979,2.453,North America
TTO,Trinidad and Tobago,1995,45.09999847,1.961,North America
TTO,Trinidad and Tobago,2000,47.15599823,1.753,North America
TTO,Trinidad and Tobago,2005,52.43799973,1.769,North America
TTO,Trinidad and Tobago,2010,49.72200012,1.806,North America
TTO,Trinidad and Tobago,2015,49.50299835,1.767,North America
TTO,Trinidad and Tobago,2020,46.31100082,1.699,North America
TUN,Tunisia,1990,22.10300064,3.476,Africa
TUN,Tunisia,1995,23.17000008,2.606,Africa
TUN,Tunisia,2000,23.65399933,2.142,Africa
TUN,Tunisia,2005,23.63100052,1.991,Africa
TUN,Tunisia,2010,24.87999916,2.14,Africa
TUN,Tunisia,2015,26.10700035,2.251,Africa
TUN,Tunisia,2020,25.50799942,2.151,Africa
TUR,Turkiye,1990,34.30599976,3.107,Asia
TUR,Turkiye,1995,31.15999985,2.755,Asia
TUR,Turkiye,2000,26.82500076,2.503,Asia
TUR,Turkiye,2005,23.38999939,2.273,Asia
TUR,Turkiye,2010,27.25499916,2.151,Asia
TUR,Turkiye,2015,31.6079998,2.101,Asia
TUR,Turkiye,2020,30.99200058,2.039,Asia
TZA,Tanzania,1990,84.18699646,6.213,Africa
TZA,Tanzania,1995,84.25900269,5.883,Africa
TZA,Tanzania,2000,84.34899902,5.689,Africa
TZA,Tanzania,2005,86.59200287,5.638,Africa
TZA,Tanzania,2010,83.85500336,5.427,Africa
TZA,Tanzania,2015,80.04599762,5.079,Africa
TZA,Tanzania,2020,79.36599731,4.773,Africa
UGA,Uganda,1990,61.95999908,7.091,Africa
UGA,Uganda,1995,62.64899826,7.018,Africa
UGA,Uganda,2000,63.59500122,6.866,Africa
UGA,Uganda,2005,64.49900055,6.594,Africa
UGA,Uganda,2010,65.43399811,6.111,Africa
UGA,Uganda,2015,66.02799988,5.394,Africa
UGA,Uganda,2020,63.08300018,4.703,Africa
UKR,Ukraine,1990,53.52099991,1.85,Europe
UKR,Ukraine,1995,53.20500183,1.398,Europe
UKR,Ukraine,2000,52.91799927,1.116,Europe
UKR,Ukraine,2005,52.65599823,1.213,Europe
UKR,Ukraine,2010,51.84999847,1.443,Europe
UKR,Ukraine,2015,50.40499878,1.506,Europe
UKR,Ukraine,2020,48.15200043,1.217,Europe
URY,Uruguay,1990,43.07300186,2.52,South America
URY,Uruguay,1995,46.33800125,2.401,South America
URY,Uruguay,2000,49.02799988,2.237,South America
URY,Uruguay,2005,49.91500092,2.097,South America
URY,Uruguay,2010,54.94599915,2.011,South America
URY,Uruguay,2015,56.33499908,1.997,South America
URY,Uruguay,2020,54.10100174,1.952,South America
USA,United States,1990,56.53900146,2.081,North America
USA,United States,1995,58.14199829,1.978,North America
USA,United States,2000,59.02500153,2.056,North America
USA,United States,2005,58.32600021,2.057,North America
USA,United States,2010,57.69100189,1.931,North America
USA,United States,2015,55.81499863,1.8435,North America
USA,United States,2020,55.38999939,1.6375,North America
UZB,Uzbekistan,1990,53.74900055,4.072,Asia
UZB,Uzbekistan,1995,57.71699905,3.596,Asia
UZB,Uzbekistan,2000,56.23899841,2.58,Asia
UZB,Uzbekistan,2005,53.72399902,2.36,Asia
UZB,Uzbekistan,2010,50.25400162,2.342,Asia
UZB,Uzbekistan,2015,47.76399994,2.491,Asia
UZB,Uzbekistan,2020,44.83800125,2.9,Asia
VCT,St. Vincent and the Grenadines,1990,43.96099854,2.956,North America
VCT,St. Vincent and the Grenadines,1995,46.61500168,2.703,North America
VCT,St. Vincent and the Grenadines,2000,48.89699936,2.379,North America
VCT,St. Vincent and the Grenadines,2005,51.92599869,2.17,North America
VCT,St. Vincent and the Grenadines,2010,52.98600006,2.07,North America
VCT,St. Vincent and the Grenadines,2015,53.68700027,1.953,North America
VCT,St. Vincent and the Grenadines,2020,52.58800125,1.854,North America
VEN,"Venezuela, RB",1990,47.14300156,3.448,South America
VEN,"Venezuela, RB",1995,48.56800079,3.082,South America
VEN,"Venezuela, RB",2000,48.17200089,2.822,South America
VEN,"Venezuela, RB",2005,49.40499878,2.629,South America
VEN,"Venezuela, RB",2010,49.56000137,2.471,South America
VEN,"Venezuela, RB",2015,48.92399979,2.34,South America
VEN,"Venezuela, RB",2020,34.4280014,2.23,South America
VIR,Virgin Islands (U.S.),1990,59.39599991,2.954,North America
VIR,Virgin Islands (U.S.),1995,55.59799957,2.481,North America
VIR,Virgin Islands (U.S.),2000,54.00500107,2.06,North America
VIR,Virgin Islands (U.S.),2005,56.36299896,2.24,North America
VIR,Virgin Islands (U.S.),2010,55.63100052,2.3,North America
VIR,Virgin Islands (U.S.),2015,49.24300003,2.11,North America
VIR,Virgin Islands (U.S.),2020,41.38399887,2.03,North America
VNM,Vietnam,1990,74.31099701,3.553,Asia
VNM,Vietnam,1995,72.83599854,2.714,Asia
VNM,Vietnam,2000,68.74700165,2.01,Asia
VNM,Vietnam,2005,68.54699707,1.894,Asia
VNM,Vietnam,2010,71.52300262,1.938,Asia
VNM,Vietnam,2015,72.43299866,2.014,Asia
VNM,Vietnam,2020,69.66400146,2.046,Asia
VUT,Vanuatu,1990,60.76699829,4.926,Oceania
VUT,Vanuatu,1995,60.66199875,4.708,Oceania
VUT,Vanuatu,2000,60.31000137,4.492,Oceania
VUT,Vanuatu,2005,60.70199966,4.301,Oceania
VUT,Vanuatu,2010,60.26100159,4.1,Oceania
VUT,Vanuatu,2015,60.53099823,3.898,Oceania
VUT,Vanuatu,2020,59.5530014,3.707,Oceania
WSM,Samoa,1990,32.57500076,5.118,Oceania
WSM,Samoa,1995,32.52399826,4.751,Oceania
WSM,Samoa,2000,31.93499947,4.503,Oceania
WSM,Samoa,2005,31.45700073,4.46,Oceania
WSM,Samoa,2010,31.45800018,4.338,Oceania
WSM,Samoa,2015,31.43199921,4.029,Oceania
WSM,Samoa,2020,30.77499962,3.785,Oceania
YEM,"Yemen, Rep.",1990,17.12999916,8.606,Asia
YEM,"Yemen, Rep.",1995,17.84399986,7.525,Asia
YEM,"Yemen, Rep.",2000,20.49399948,6.313,Asia
YEM,"Yemen, Rep.",2005,14.6260004,5.425,Asia
YEM,"Yemen, Rep.",2010,10.03199959,4.674,Asia
YEM,"Yemen, Rep.",2015,6.09499979,4.103,Asia
YEM,"Yemen, Rep.",2020,6.080999851,3.614,Asia
ZAF,South Africa,1990,44.16600037,3.964,Africa
ZAF,South Africa,1995,45.13800049,3.144,Africa
ZAF,South Africa,2000,46.32699966,2.694,Africa
ZAF,South Africa,2005,47.43600082,2.603,Africa
ZAF,South Africa,2010,44.51399994,2.598,Africa
ZAF,South Africa,2015,47.56399918,2.484,Africa
ZAF,South Africa,2020,44.04399872,2.358,Africa
ZMB,Zambia,1990,73.50700378,6.442,Africa
ZMB,Zambia,1995,73.63500214,6.189,Africa
ZMB,Zambia,2000,73.74199677,6.036,Africa
ZMB,Zambia,2005,73.62799835,5.794,Africa
ZMB,Zambia,2010,70.60800171,5.415,Africa
ZMB,Zambia,2015,69.5039978,4.918,Africa
ZMB,Zambia,2020,69.24099731,4.496,Africa
ZWE,Zimbabwe,1990,76.63600159,4.862,Africa
ZWE,Zimbabwe,1995,77.02500153,4.088,Africa
ZWE,Zimbabwe,2000,77.35700226,3.748,Africa
ZWE,Zimbabwe,2005,77.61000061,3.775,Africa
ZWE,Zimbabwe,2010,77.52700043,4.034,Africa
ZWE,Zimbabwe,2015,80.2990036,3.896,Africa
ZWE,Zimbabwe,2020,78.98000336,3.46,Africa